{
  "usuarios": 4455,
  "sesiones": 4935,
  "paginas_vistas": 5547,
  "interaccion_media_seg": 187778,
  "rebote": 64.43768996960486,
  "conversiones": 1561,
  "tasa_conversion": 12.44174265450861,
  "trafico_organico": null
}