{
  "usuarios": 3177,
  "sesiones": 3560,
  "paginas_vistas": 4085,
  "interaccion_media_seg": 124581,
  "rebote": 68.25842696629213,
  "conversiones": 877,
  "tasa_conversion": 11.376404494382022,
  "trafico_organico": null
}