{
  "usuarios": 2629,
  "sesiones": 2918,
  "paginas_vistas": 3458,
  "interaccion_media_seg": 97040,
  "rebote": 68.40301576422208,
  "conversiones": 777,
  "tasa_conversion": 12.028786840301576,
  "trafico_organico": null
}