{
  "usuarios": 182,
  "sesiones": 272,
  "paginas_vistas": 476,
  "interaccion_media_seg": 11760,
  "rebote": 44.11764705882353,
  "conversiones": 83,
  "tasa_conversion": 17.647058823529413,
  "trafico_organico": null
}