{
  "usuarios": 191,
  "sesiones": 288,
  "paginas_vistas": 566,
  "interaccion_media_seg": 13983,
  "rebote": 44.79166666666667,
  "conversiones": 80,
  "tasa_conversion": 16.319444444444446,
  "trafico_organico": null
}