{
  "usuarios": 5756,
  "sesiones": 6279,
  "paginas_vistas": 6649,
  "interaccion_media_seg": 221133,
  "rebote": 62.286988373944894,
  "conversiones": 2187,
  "tasa_conversion": 13.807931199235545,
  "trafico_organico": null
}