{
  "usuarios": 5051,
  "sesiones": 5702,
  "paginas_vistas": 6180,
  "interaccion_media_seg": 212955,
  "rebote": 63.11820413889863,
  "conversiones": 1888,
  "tasa_conversion": 12.960364784286217,
  "trafico_organico": null
}