{
  "usuarios": 184,
  "sesiones": 258,
  "paginas_vistas": 367,
  "interaccion_media_seg": 8257,
  "rebote": 46.89922480620155,
  "conversiones": 90,
  "tasa_conversion": 20.930232558139537,
  "trafico_organico": null
}