{
  "usuarios": 1357,
  "sesiones": 1593,
  "paginas_vistas": 2056,
  "interaccion_media_seg": 72010,
  "rebote": 59.887005649717516,
  "conversiones": 594,
  "tasa_conversion": 15.693659761456372,
  "trafico_organico": null
}