{
  "usuarios": 165,
  "sesiones": 197,
  "paginas_vistas": 265,
  "interaccion_media_seg": 1582,
  "rebote": 87.81725888324873,
  "conversiones": 1,
  "tasa_conversion": 0.5076142131979695,
  "trafico_organico": null
}