{
  "usuarios": 1779,
  "sesiones": 2041,
  "paginas_vistas": 2529,
  "interaccion_media_seg": 79298,
  "rebote": 60.80352768250857,
  "conversiones": 646,
  "tasa_conversion": 13.865752082312591,
  "trafico_organico": null
}