{
  "usuarios": 3238,
  "sesiones": 3651,
  "paginas_vistas": 4164,
  "interaccion_media_seg": 126964,
  "rebote": 65.37934812380169,
  "conversiones": 893,
  "tasa_conversion": 11.257189811010681,
  "trafico_organico": null
}