{
  "usuarios": 4112,
  "sesiones": 4605,
  "paginas_vistas": 5145,
  "interaccion_media_seg": 168908,
  "rebote": 65.14657980456026,
  "conversiones": 1287,
  "tasa_conversion": 11.639522258414766,
  "trafico_organico": null
}