{
  "usuarios": 164,
  "sesiones": 194,
  "paginas_vistas": 223,
  "interaccion_media_seg": 1650,
  "rebote": 87.62886597938144,
  "conversiones": 2,
  "tasa_conversion": 1.0309278350515463,
  "trafico_organico": null
}