{
  "usuarios": 3832,
  "sesiones": 4288,
  "paginas_vistas": 4820,
  "interaccion_media_seg": 151741,
  "rebote": 66.18470149253731,
  "conversiones": 1052,
  "tasa_conversion": 11.240671641791044,
  "trafico_organico": null
}