{
  "usuarios": 2727,
  "sesiones": 3032,
  "paginas_vistas": 3570,
  "interaccion_media_seg": 101616,
  "rebote": 69.32717678100263,
  "conversiones": 790,
  "tasa_conversion": 11.840369393139841,
  "trafico_organico": null
}