{
  "usuarios": 2692,
  "sesiones": 2977,
  "paginas_vistas": 3526,
  "interaccion_media_seg": 99277,
  "rebote": 68.89486059791736,
  "conversiones": 787,
  "tasa_conversion": 11.958347329526369,
  "trafico_organico": null
}