{
  "usuarios": 4397,
  "sesiones": 4874,
  "paginas_vistas": 5458,
  "interaccion_media_seg": 184792,
  "rebote": 64.42347148132951,
  "conversiones": 1445,
  "tasa_conversion": 12.207632334837916,
  "trafico_organico": null
}