{
  "usuarios": 154,
  "sesiones": 215,
  "paginas_vistas": 341,
  "interaccion_media_seg": 8050,
  "rebote": 48.372093023255815,
  "conversiones": 80,
  "tasa_conversion": 22.325581395348838,
  "trafico_organico": null
}