{
  "usuarios": 4425,
  "sesiones": 4910,
  "paginas_vistas": 5507,
  "interaccion_media_seg": 186064,
  "rebote": 64.41955193482688,
  "conversiones": 1478,
  "tasa_conversion": 12.40325865580448,
  "trafico_organico": null
}