{
  "usuarios": 780,
  "sesiones": 975,
  "paginas_vistas": 1419,
  "interaccion_media_seg": 44723,
  "rebote": 55.07692307692308,
  "conversiones": 390,
  "tasa_conversion": 18.25641025641026,
  "trafico_organico": null
}