{
  "usuarios": 4671,
  "sesiones": 5216,
  "paginas_vistas": 5776,
  "interaccion_media_seg": 194980,
  "rebote": 64.05291411042946,
  "conversiones": 1646,
  "tasa_conversion": 12.480828220858896,
  "trafico_organico": null
}