{
  "usuarios": 3319,
  "sesiones": 3718,
  "paginas_vistas": 4240,
  "interaccion_media_seg": 129204,
  "rebote": 65.81495427649274,
  "conversiones": 907,
  "tasa_conversion": 11.32329209252286,
  "trafico_organico": null
}