{
  "usuarios": 5755,
  "sesiones": 6269,
  "paginas_vistas": 6648,
  "interaccion_media_seg": 221133,
  "rebote": 62.22683043547615,
  "conversiones": 2187,
  "tasa_conversion": 13.829956930929974,
  "trafico_organico": null
}