{
  "usuarios": 4922,
  "sesiones": 5529,
  "paginas_vistas": 6039,
  "interaccion_media_seg": 206376,
  "rebote": 64.00795803942847,
  "conversiones": 1779,
  "tasa_conversion": 12.750949538795442,
  "trafico_organico": null
}