{
  "usuarios": 3288,
  "sesiones": 3685,
  "paginas_vistas": 4207,
  "interaccion_media_seg": 128784,
  "rebote": 65.67164179104478,
  "conversiones": 898,
  "tasa_conversion": 11.261872455902306,
  "trafico_organico": null
}