{
  "usuarios": 3049,
  "sesiones": 3391,
  "paginas_vistas": 3938,
  "interaccion_media_seg": 119002,
  "rebote": 67.00088469478031,
  "conversiones": 861,
  "tasa_conversion": 11.707460925980536,
  "trafico_organico": null
}