{
  "usuarios": 883,
  "sesiones": 1080,
  "paginas_vistas": 1520,
  "interaccion_media_seg": 50256,
  "rebote": 54.72222222222223,
  "conversiones": 454,
  "tasa_conversion": 18.333333333333332,
  "trafico_organico": null
}