{
  "usuarios": 2762,
  "sesiones": 3065,
  "paginas_vistas": 3607,
  "interaccion_media_seg": 102288,
  "rebote": 69.5921696574225,
  "conversiones": 801,
  "tasa_conversion": 11.778140293637847,
  "trafico_organico": null
}