{
  "usuarios": 179,
  "sesiones": 267,
  "paginas_vistas": 523,
  "interaccion_media_seg": 12227,
  "rebote": 50.56179775280899,
  "conversiones": 51,
  "tasa_conversion": 11.985018726591761,
  "trafico_organico": null
}