{
  "usuarios": 2527,
  "sesiones": 2716,
  "paginas_vistas": 3089,
  "interaccion_media_seg": 92031,
  "rebote": 57.62150220913107,
  "conversiones": 1280,
  "tasa_conversion": 17.857142857142858,
  "trafico_organico": null
}