{
  "usuarios": 1465,
  "sesiones": 1586,
  "paginas_vistas": 1892,
  "interaccion_media_seg": 39479,
  "rebote": 60.15132408575031,
  "conversiones": 570,
  "tasa_conversion": 16.897856242118536,
  "trafico_organico": null
}