{
  "usuarios": 5474,
  "sesiones": 6114,
  "paginas_vistas": 6465,
  "interaccion_media_seg": 222813,
  "rebote": 62.61040235525025,
  "conversiones": 2172,
  "tasa_conversion": 13.869807000327118,
  "trafico_organico": null
}