{
  "usuarios": 166,
  "sesiones": 196,
  "paginas_vistas": 223,
  "interaccion_media_seg": 2406,
  "rebote": 87.24489795918367,
  "conversiones": 2,
  "tasa_conversion": 1.0204081632653061,
  "trafico_organico": null
}