{
  "usuarios": 3503,
  "sesiones": 3913,
  "paginas_vistas": 4463,
  "interaccion_media_seg": 138447,
  "rebote": 63.99182213135701,
  "conversiones": 946,
  "tasa_conversion": 11.193457705085612,
  "trafico_organico": null
}