{
  "usuarios": 1466,
  "sesiones": 1587,
  "paginas_vistas": 1893,
  "interaccion_media_seg": 39479,
  "rebote": 60.17643352236925,
  "conversiones": 570,
  "tasa_conversion": 16.88720856962823,
  "trafico_organico": null
}