{
  "usuarios": 4384,
  "sesiones": 4785,
  "paginas_vistas": 5181,
  "interaccion_media_seg": 161824,
  "rebote": 61.48380355276907,
  "conversiones": 1672,
  "tasa_conversion": 14.00208986415883,
  "trafico_organico": null
}