{
  "usuarios": 163,
  "sesiones": 195,
  "paginas_vistas": 222,
  "interaccion_media_seg": 1797,
  "rebote": 88.71794871794872,
  "conversiones": 2,
  "tasa_conversion": 1.0256410256410255,
  "trafico_organico": null
}