{
  "usuarios": 157,
  "sesiones": 189,
  "paginas_vistas": 257,
  "interaccion_media_seg": 1693,
  "rebote": 87.83068783068782,
  "conversiones": 1,
  "tasa_conversion": 0.5291005291005291,
  "trafico_organico": null
}