{
  "usuarios": 782,
  "sesiones": 978,
  "paginas_vistas": 1422,
  "interaccion_media_seg": 45089,
  "rebote": 55.21472392638037,
  "conversiones": 396,
  "tasa_conversion": 18.200408997955012,
  "trafico_organico": null
}