{
  "usuarios": 183,
  "sesiones": 271,
  "paginas_vistas": 524,
  "interaccion_media_seg": 12952,
  "rebote": 51.291512915129154,
  "conversiones": 58,
  "tasa_conversion": 11.808118081180812,
  "trafico_organico": null
}