{
  "usuarios": 5107,
  "sesiones": 5785,
  "paginas_vistas": 6241,
  "interaccion_media_seg": 216470,
  "rebote": 63.353500432152124,
  "conversiones": 1950,
  "tasa_conversion": 13.085566119273984,
  "trafico_organico": null
}