{
  "usuarios": 4384,
  "sesiones": 4783,
  "paginas_vistas": 5180,
  "interaccion_media_seg": 161824,
  "rebote": 61.46769809742839,
  "conversiones": 1672,
  "tasa_conversion": 14.007944804515995,
  "trafico_organico": null
}