{
  "usuarios": 159,
  "sesiones": 239,
  "paginas_vistas": 489,
  "interaccion_media_seg": 11161,
  "rebote": 55.23012552301255,
  "conversiones": 41,
  "tasa_conversion": 11.297071129707113,
  "trafico_organico": null
}