{
  "usuarios": 180,
  "sesiones": 221,
  "paginas_vistas": 353,
  "interaccion_media_seg": 2576,
  "rebote": 84.16289592760181,
  "conversiones": 1,
  "tasa_conversion": 0.4524886877828055,
  "trafico_organico": null
}