{
  "usuarios": 153,
  "sesiones": 213,
  "paginas_vistas": 339,
  "interaccion_media_seg": 8044,
  "rebote": 47.88732394366197,
  "conversiones": 79,
  "tasa_conversion": 22.535211267605636,
  "trafico_organico": null
}