{
  "usuarios": 4664,
  "sesiones": 5115,
  "paginas_vistas": 5483,
  "interaccion_media_seg": 169803,
  "rebote": 62.365591397849464,
  "conversiones": 1712,
  "tasa_conversion": 13.607038123167156,
  "trafico_organico": null
}