{
  "usuarios": 3212,
  "sesiones": 3619,
  "paginas_vistas": 4137,
  "interaccion_media_seg": 125295,
  "rebote": 65.18375241779498,
  "conversiones": 880,
  "tasa_conversion": 11.246200607902736,
  "trafico_organico": null
}