{
  "usuarios": 1114,
  "sesiones": 1220,
  "paginas_vistas": 1506,
  "interaccion_media_seg": 19108,
  "rebote": 65.32786885245902,
  "conversiones": 234,
  "tasa_conversion": 13.442622950819672,
  "trafico_organico": null
}