{
  "usuarios": 162,
  "sesiones": 243,
  "paginas_vistas": 498,
  "interaccion_media_seg": 10681,
  "rebote": 55.96707818930041,
  "conversiones": 35,
  "tasa_conversion": 9.876543209876543,
  "trafico_organico": null
}