{
  "usuarios": 6068,
  "sesiones": 6720,
  "paginas_vistas": 7135,
  "interaccion_media_seg": 231732,
  "rebote": 62.083333333333336,
  "conversiones": 2300,
  "tasa_conversion": 13.988095238095239,
  "trafico_organico": null
}