{
  "usuarios": 5245,
  "sesiones": 5856,
  "paginas_vistas": 6249,
  "interaccion_media_seg": 220798,
  "rebote": 61.509562841530055,
  "conversiones": 2117,
  "tasa_conversion": 13.780737704918034,
  "trafico_organico": null
}