{
  "usuarios": 1772,
  "sesiones": 2018,
  "paginas_vistas": 2513,
  "interaccion_media_seg": 79224,
  "rebote": 63.4786917740337,
  "conversiones": 645,
  "tasa_conversion": 14.023785926660059,
  "trafico_organico": null
}