{
  "usuarios": 2702,
  "sesiones": 2996,
  "paginas_vistas": 3541,
  "interaccion_media_seg": 99348,
  "rebote": 68.99198931909211,
  "conversiones": 789,
  "tasa_conversion": 11.949265687583445,
  "trafico_organico": null
}