{
  "usuarios": 2462,
  "sesiones": 2738,
  "paginas_vistas": 3260,
  "interaccion_media_seg": 93156,
  "rebote": 67.05624543462382,
  "conversiones": 733,
  "tasa_conversion": 12.198685171658145,
  "trafico_organico": null
}