{
  "usuarios": 4661,
  "sesiones": 5107,
  "paginas_vistas": 5480,
  "interaccion_media_seg": 169803,
  "rebote": 62.30663794791462,
  "conversiones": 1712,
  "tasa_conversion": 13.628353240650087,
  "trafico_organico": null
}