{
  "usuarios": 1788,
  "sesiones": 2055,
  "paginas_vistas": 2540,
  "interaccion_media_seg": 80630,
  "rebote": 61.0705596107056,
  "conversiones": 648,
  "tasa_conversion": 13.86861313868613,
  "trafico_organico": null
}