{
  "usuarios": 4515,
  "sesiones": 5047,
  "paginas_vistas": 5622,
  "interaccion_media_seg": 189284,
  "rebote": 63.285119873191995,
  "conversiones": 1594,
  "tasa_conversion": 12.403407965127798,
  "trafico_organico": null
}