{
  "usuarios": 4434,
  "sesiones": 4919,
  "paginas_vistas": 5521,
  "interaccion_media_seg": 186489,
  "rebote": 64.3830046757471,
  "conversiones": 1558,
  "tasa_conversion": 12.461882496442367,
  "trafico_organico": null
}