{
  "usuarios": 6051,
  "sesiones": 6680,
  "paginas_vistas": 7137,
  "interaccion_media_seg": 229701,
  "rebote": 62.39520958083832,
  "conversiones": 2261,
  "tasa_conversion": 13.75748502994012,
  "trafico_organico": null
}