{
  "usuarios": 1158,
  "sesiones": 1387,
  "paginas_vistas": 1853,
  "interaccion_media_seg": 61854,
  "rebote": 55.08291276135544,
  "conversiones": 556,
  "tasa_conversion": 16.79884643114636,
  "trafico_organico": null
}