{
  "usuarios": 153,
  "sesiones": 186,
  "paginas_vistas": 253,
  "interaccion_media_seg": 1850,
  "rebote": 87.63440860215054,
  "conversiones": 1,
  "tasa_conversion": 0.5376344086021506,
  "trafico_organico": null
}