{
  "usuarios": 1112,
  "sesiones": 1218,
  "paginas_vistas": 1504,
  "interaccion_media_seg": 19108,
  "rebote": 65.27093596059113,
  "conversiones": 234,
  "tasa_conversion": 13.464696223316913,
  "trafico_organico": null
}