{
  "usuarios": 164,
  "sesiones": 245,
  "paginas_vistas": 498,
  "interaccion_media_seg": 10711,
  "rebote": 56.326530612244895,
  "conversiones": 36,
  "tasa_conversion": 10.204081632653061,
  "trafico_organico": null
}