{
  "usuarios": 2591,
  "sesiones": 2875,
  "paginas_vistas": 3399,
  "interaccion_media_seg": 95975,
  "rebote": 68.13913043478261,
  "conversiones": 767,
  "tasa_conversion": 12.104347826086958,
  "trafico_organico": null
}