{
  "usuarios": 183,
  "sesiones": 281,
  "paginas_vistas": 488,
  "interaccion_media_seg": 12136,
  "rebote": 42.704626334519574,
  "conversiones": 83,
  "tasa_conversion": 17.08185053380783,
  "trafico_organico": null
}