{
  "usuarios": 163,
  "sesiones": 193,
  "paginas_vistas": 220,
  "interaccion_media_seg": 2414,
  "rebote": 86.52849740932642,
  "conversiones": 2,
  "tasa_conversion": 1.0362694300518136,
  "trafico_organico": null
}