{
  "usuarios": 1009,
  "sesiones": 1217,
  "paginas_vistas": 1671,
  "interaccion_media_seg": 55944,
  "rebote": 58.422350041084634,
  "conversiones": 494,
  "tasa_conversion": 17.41988496302383,
  "trafico_organico": null
}