{
  "usuarios": 162,
  "sesiones": 192,
  "paginas_vistas": 219,
  "interaccion_media_seg": 2414,
  "rebote": 86.45833333333334,
  "conversiones": 2,
  "tasa_conversion": 1.0416666666666665,
  "trafico_organico": null
}