{
  "usuarios": 2245,
  "sesiones": 2412,
  "paginas_vistas": 2763,
  "interaccion_media_seg": 75468,
  "rebote": 57.62852404643449,
  "conversiones": 1027,
  "tasa_conversion": 17.82752902155887,
  "trafico_organico": null
}