{
  "usuarios": 1110,
  "sesiones": 1214,
  "paginas_vistas": 1501,
  "interaccion_media_seg": 19108,
  "rebote": 65.23887973640856,
  "conversiones": 234,
  "tasa_conversion": 13.509060955518946,
  "trafico_organico": null
}