{
  "usuarios": 246,
  "sesiones": 306,
  "paginas_vistas": 448,
  "interaccion_media_seg": 9193,
  "rebote": 56.5359477124183,
  "conversiones": 77,
  "tasa_conversion": 18.627450980392158,
  "trafico_organico": null
}