{
  "usuarios": 186,
  "sesiones": 262,
  "paginas_vistas": 373,
  "interaccion_media_seg": 8379,
  "rebote": 43.89312977099237,
  "conversiones": 90,
  "tasa_conversion": 20.610687022900763,
  "trafico_organico": null
}