{
  "usuarios": 6050,
  "sesiones": 6685,
  "paginas_vistas": 7087,
  "interaccion_media_seg": 229623,
  "rebote": 62.318623784592376,
  "conversiones": 2272,
  "tasa_conversion": 13.86686611817502,
  "trafico_organico": null
}