{
  "usuarios": 801,
  "sesiones": 999,
  "paginas_vistas": 1447,
  "interaccion_media_seg": 45755,
  "rebote": 55.65565565565566,
  "conversiones": 407,
  "tasa_conversion": 18.21821821821822,
  "trafico_organico": null
}