{
  "usuarios": 998,
  "sesiones": 1201,
  "paginas_vistas": 1656,
  "interaccion_media_seg": 55305,
  "rebote": 58.2014987510408,
  "conversiones": 492,
  "tasa_conversion": 17.568692756036636,
  "trafico_organico": null
}