{
  "usuarios": 6048,
  "sesiones": 6679,
  "paginas_vistas": 7085,
  "interaccion_media_seg": 229600,
  "rebote": 62.284773169636175,
  "conversiones": 2272,
  "tasa_conversion": 13.87932325198383,
  "trafico_organico": null
}