{
  "usuarios": 5224,
  "sesiones": 5847,
  "paginas_vistas": 6352,
  "interaccion_media_seg": 221821,
  "rebote": 61.792372156661536,
  "conversiones": 2074,
  "tasa_conversion": 13.562510689242346,
  "trafico_organico": null
}