{
  "usuarios": 1126,
  "sesiones": 1347,
  "paginas_vistas": 1809,
  "interaccion_media_seg": 61419,
  "rebote": 57.31254639940608,
  "conversiones": 545,
  "tasa_conversion": 17.14922048997773,
  "trafico_organico": null
}