{
  "usuarios": 183,
  "sesiones": 277,
  "paginas_vistas": 478,
  "interaccion_media_seg": 11880,
  "rebote": 42.238267148014444,
  "conversiones": 83,
  "tasa_conversion": 17.328519855595665,
  "trafico_organico": null
}