{
  "usuarios": 5156,
  "sesiones": 5785,
  "paginas_vistas": 6282,
  "interaccion_media_seg": 219546,
  "rebote": 61.694036300777874,
  "conversiones": 1996,
  "tasa_conversion": 13.31028522039758,
  "trafico_organico": null
}