{
  "usuarios": 5230,
  "sesiones": 5837,
  "paginas_vistas": 6247,
  "interaccion_media_seg": 221573,
  "rebote": 61.96676374850094,
  "conversiones": 2094,
  "tasa_conversion": 13.70567072126092,
  "trafico_organico": null
}