{
  "usuarios": 177,
  "sesiones": 269,
  "paginas_vistas": 540,
  "interaccion_media_seg": 13601,
  "rebote": 51.301115241635685,
  "conversiones": 67,
  "tasa_conversion": 13.754646840148698,
  "trafico_organico": null
}