{
  "usuarios": 1362,
  "sesiones": 1597,
  "paginas_vistas": 2065,
  "interaccion_media_seg": 72075,
  "rebote": 59.924859110832806,
  "conversiones": 595,
  "tasa_conversion": 15.654351909830932,
  "trafico_organico": null
}