{
  "usuarios": 6056,
  "sesiones": 6732,
  "paginas_vistas": 7152,
  "interaccion_media_seg": 230289,
  "rebote": 62.49257278669044,
  "conversiones": 2272,
  "tasa_conversion": 13.770053475935828,
  "trafico_organico": null
}