{
  "usuarios": 253,
  "sesiones": 314,
  "paginas_vistas": 457,
  "interaccion_media_seg": 9244,
  "rebote": 57.64331210191082,
  "conversiones": 77,
  "tasa_conversion": 18.152866242038215,
  "trafico_organico": null
}