{
  "usuarios": 3615,
  "sesiones": 4041,
  "paginas_vistas": 4584,
  "interaccion_media_seg": 139880,
  "rebote": 64.81069042316258,
  "conversiones": 978,
  "tasa_conversion": 11.185350160851275,
  "trafico_organico": null
}