{
  "usuarios": 184,
  "sesiones": 282,
  "paginas_vistas": 489,
  "interaccion_media_seg": 12136,
  "rebote": 42.90780141843972,
  "conversiones": 83,
  "tasa_conversion": 17.02127659574468,
  "trafico_organico": null
}