{
  "usuarios": 154,
  "sesiones": 186,
  "paginas_vistas": 254,
  "interaccion_media_seg": 1945,
  "rebote": 86.55913978494624,
  "conversiones": 1,
  "tasa_conversion": 0.5376344086021506,
  "trafico_organico": null
}