{
  "usuarios": 4146,
  "sesiones": 4637,
  "paginas_vistas": 5191,
  "interaccion_media_seg": 170338,
  "rebote": 65.1930127237438,
  "conversiones": 1315,
  "tasa_conversion": 11.645460427000216,
  "trafico_organico": null
}