{
  "usuarios": 3493,
  "sesiones": 3905,
  "paginas_vistas": 4452,
  "interaccion_media_seg": 137134,
  "rebote": 63.918053777208705,
  "conversiones": 946,
  "tasa_conversion": 11.21638924455826,
  "trafico_organico": null
}