{
  "usuarios": 161,
  "sesiones": 194,
  "paginas_vistas": 262,
  "interaccion_media_seg": 1934,
  "rebote": 88.14432989690721,
  "conversiones": 1,
  "tasa_conversion": 0.5154639175257731,
  "trafico_organico": null
}