{
  "usuarios": 1767,
  "sesiones": 2014,
  "paginas_vistas": 2504,
  "interaccion_media_seg": 79195,
  "rebote": 63.50546176762661,
  "conversiones": 644,
  "tasa_conversion": 14.051638530287985,
  "trafico_organico": null
}