{
  "usuarios": 5142,
  "sesiones": 5819,
  "paginas_vistas": 6256,
  "interaccion_media_seg": 219798,
  "rebote": 63.361402302801174,
  "conversiones": 1987,
  "tasa_conversion": 13.215329094346107,
  "trafico_organico": null
}