{
  "usuarios": 4659,
  "sesiones": 5106,
  "paginas_vistas": 5477,
  "interaccion_media_seg": 169718,
  "rebote": 62.29925577751665,
  "conversiones": 1712,
  "tasa_conversion": 13.631022326674499,
  "trafico_organico": null
}