{
  "usuarios": 162,
  "sesiones": 196,
  "paginas_vistas": 243,
  "interaccion_media_seg": 1837,
  "rebote": 86.73469387755102,
  "conversiones": 2,
  "tasa_conversion": 1.0204081632653061,
  "trafico_organico": null
}