{
  "usuarios": 3168,
  "sesiones": 3552,
  "paginas_vistas": 4077,
  "interaccion_media_seg": 123937,
  "rebote": 68.18693693693693,
  "conversiones": 877,
  "tasa_conversion": 11.402027027027026,
  "trafico_organico": null
}