{
  "usuarios": 5571,
  "sesiones": 6228,
  "paginas_vistas": 6524,
  "interaccion_media_seg": 222267,
  "rebote": 62.042389210019266,
  "conversiones": 2194,
  "tasa_conversion": 13.904945407835582,
  "trafico_organico": null
}