{
  "usuarios": 161,
  "sesiones": 194,
  "paginas_vistas": 262,
  "interaccion_media_seg": 1957,
  "rebote": 87.62886597938144,
  "conversiones": 1,
  "tasa_conversion": 0.5154639175257731,
  "trafico_organico": null
}