{
  "usuarios": 1467,
  "sesiones": 1588,
  "paginas_vistas": 1894,
  "interaccion_media_seg": 39479,
  "rebote": 60.20151133501259,
  "conversiones": 570,
  "tasa_conversion": 16.876574307304786,
  "trafico_organico": null
}