{
  "usuarios": 178,
  "sesiones": 251,
  "paginas_vistas": 360,
  "interaccion_media_seg": 8145,
  "rebote": 45.81673306772908,
  "conversiones": 87,
  "tasa_conversion": 20.717131474103585,
  "trafico_organico": null
}