{
  "usuarios": 5834,
  "sesiones": 6498,
  "paginas_vistas": 6851,
  "interaccion_media_seg": 230049,
  "rebote": 63.342566943674974,
  "conversiones": 2244,
  "tasa_conversion": 13.896583564173593,
  "trafico_organico": null
}