{
  "usuarios": 6050,
  "sesiones": 6698,
  "paginas_vistas": 7087,
  "interaccion_media_seg": 229623,
  "rebote": 62.317109584950735,
  "conversiones": 2272,
  "tasa_conversion": 13.839952224544641,
  "trafico_organico": null
}