{
  "usuarios": 4670,
  "sesiones": 5216,
  "paginas_vistas": 5775,
  "interaccion_media_seg": 194978,
  "rebote": 64.05291411042946,
  "conversiones": 1646,
  "tasa_conversion": 12.480828220858896,
  "trafico_organico": null
}