{
  "usuarios": 5247,
  "sesiones": 5868,
  "paginas_vistas": 6256,
  "interaccion_media_seg": 221117,
  "rebote": 61.57123381049762,
  "conversiones": 2118,
  "tasa_conversion": 13.769597818677573,
  "trafico_organico": null
}