{
  "usuarios": 5240,
  "sesiones": 5863,
  "paginas_vistas": 6228,
  "interaccion_media_seg": 220381,
  "rebote": 61.674910455398255,
  "conversiones": 2115,
  "tasa_conversion": 13.747228381374724,
  "trafico_organico": null
}