{
  "usuarios": 4701,
  "sesiones": 5250,
  "paginas_vistas": 5806,
  "interaccion_media_seg": 196376,
  "rebote": 64.26666666666667,
  "conversiones": 1647,
  "tasa_conversion": 12.419047619047618,
  "trafico_organico": null
}