{
  "usuarios": 5552,
  "sesiones": 6195,
  "paginas_vistas": 6491,
  "interaccion_media_seg": 221889,
  "rebote": 63.14769975786925,
  "conversiones": 2187,
  "tasa_conversion": 13.849878934624698,
  "trafico_organico": null
}