{
  "usuarios": 3086,
  "sesiones": 3454,
  "paginas_vistas": 3983,
  "interaccion_media_seg": 120884,
  "rebote": 67.51592356687898,
  "conversiones": 864,
  "tasa_conversion": 11.551823972206138,
  "trafico_organico": null
}