{
  "usuarios": 4709,
  "sesiones": 5254,
  "paginas_vistas": 5814,
  "interaccion_media_seg": 196411,
  "rebote": 64.29387133612485,
  "conversiones": 1647,
  "tasa_conversion": 12.409592691282832,
  "trafico_organico": null
}