{
  "usuarios": 1359,
  "sesiones": 1594,
  "paginas_vistas": 2061,
  "interaccion_media_seg": 72010,
  "rebote": 59.849435382685066,
  "conversiones": 594,
  "tasa_conversion": 15.683814303638647,
  "trafico_organico": null
}