{
  "usuarios": 923,
  "sesiones": 1122,
  "paginas_vistas": 1565,
  "interaccion_media_seg": 51773,
  "rebote": 56.14973262032086,
  "conversiones": 471,
  "tasa_conversion": 18.003565062388592,
  "trafico_organico": null
}