{
  "usuarios": 1003,
  "sesiones": 1209,
  "paginas_vistas": 1663,
  "interaccion_media_seg": 55756,
  "rebote": 58.39536807278742,
  "conversiones": 493,
  "tasa_conversion": 17.452440033085196,
  "trafico_organico": null
}