{
  "usuarios": 1476,
  "sesiones": 1597,
  "paginas_vistas": 1911,
  "interaccion_media_seg": 39479,
  "rebote": 60.4257983719474,
  "conversiones": 570,
  "tasa_conversion": 16.78146524733876,
  "trafico_organico": null
}