{
  "usuarios": 160,
  "sesiones": 192,
  "paginas_vistas": 219,
  "interaccion_media_seg": 1598,
  "rebote": 88.02083333333334,
  "conversiones": 2,
  "tasa_conversion": 1.0416666666666665,
  "trafico_organico": null
}