{
  "usuarios": 4744,
  "sesiones": 5301,
  "paginas_vistas": 5853,
  "interaccion_media_seg": 197192,
  "rebote": 64.45953593661574,
  "conversiones": 1669,
  "tasa_conversion": 12.46934540652707,
  "trafico_organico": null
}