{
  "usuarios": 1769,
  "sesiones": 2016,
  "paginas_vistas": 2510,
  "interaccion_media_seg": 79209,
  "rebote": 63.541666666666664,
  "conversiones": 645,
  "tasa_conversion": 14.037698412698413,
  "trafico_organico": null
}