{
  "usuarios": 177,
  "sesiones": 267,
  "paginas_vistas": 438,
  "interaccion_media_seg": 10325,
  "rebote": 42.69662921348314,
  "conversiones": 83,
  "tasa_conversion": 17.97752808988764,
  "trafico_organico": null
}