{
  "usuarios": 6037,
  "sesiones": 6642,
  "paginas_vistas": 7057,
  "interaccion_media_seg": 227235,
  "rebote": 62.5414031918097,
  "conversiones": 2256,
  "tasa_conversion": 13.79102679915688,
  "trafico_organico": null
}