{
  "usuarios": 5139,
  "sesiones": 5818,
  "paginas_vistas": 6253,
  "interaccion_media_seg": 219542,
  "rebote": 63.37229288415263,
  "conversiones": 1986,
  "tasa_conversion": 13.217600550017188,
  "trafico_organico": null
}