{
  "usuarios": 164,
  "sesiones": 194,
  "paginas_vistas": 221,
  "interaccion_media_seg": 2406,
  "rebote": 87.11340206185567,
  "conversiones": 2,
  "tasa_conversion": 1.0309278350515463,
  "trafico_organico": null
}