{
  "usuarios": 248,
  "sesiones": 308,
  "paginas_vistas": 450,
  "interaccion_media_seg": 9193,
  "rebote": 56.81818181818182,
  "conversiones": 77,
  "tasa_conversion": 18.506493506493506,
  "trafico_organico": null
}