{
  "usuarios": 189,
  "sesiones": 286,
  "paginas_vistas": 564,
  "interaccion_media_seg": 13918,
  "rebote": 45.45454545454545,
  "conversiones": 77,
  "tasa_conversion": 15.384615384615385,
  "trafico_organico": null
}