{
  "usuarios": 4628,
  "sesiones": 5173,
  "paginas_vistas": 5731,
  "interaccion_media_seg": 194266,
  "rebote": 63.88942586506863,
  "conversiones": 1629,
  "tasa_conversion": 12.468586893485405,
  "trafico_organico": null
}