{
  "usuarios": 228,
  "sesiones": 284,
  "paginas_vistas": 424,
  "interaccion_media_seg": 8643,
  "rebote": 53.52112676056338,
  "conversiones": 76,
  "tasa_conversion": 19.718309859154928,
  "trafico_organico": null
}