{
  "usuarios": 164,
  "sesiones": 196,
  "paginas_vistas": 223,
  "interaccion_media_seg": 1797,
  "rebote": 88.26530612244898,
  "conversiones": 2,
  "tasa_conversion": 1.0204081632653061,
  "trafico_organico": null
}