{
  "usuarios": 1374,
  "sesiones": 1614,
  "paginas_vistas": 2086,
  "interaccion_media_seg": 73506,
  "rebote": 56.25774473358116,
  "conversiones": 599,
  "tasa_conversion": 15.613382899628252,
  "trafico_organico": null
}