{
  "usuarios": 1374,
  "sesiones": 1615,
  "paginas_vistas": 2087,
  "interaccion_media_seg": 73506,
  "rebote": 56.28482972136223,
  "conversiones": 599,
  "tasa_conversion": 15.603715170278637,
  "trafico_organico": null
}