{
  "usuarios": 6044,
  "sesiones": 6662,
  "paginas_vistas": 7101,
  "interaccion_media_seg": 228703,
  "rebote": 62.398679075352746,
  "conversiones": 2257,
  "tasa_conversion": 13.76463524467127,
  "trafico_organico": null
}