{
  "usuarios": 808,
  "sesiones": 1005,
  "paginas_vistas": 1453,
  "interaccion_media_seg": 45935,
  "rebote": 52.537313432835816,
  "conversiones": 411,
  "tasa_conversion": 18.208955223880597,
  "trafico_organico": null
}