{
  "usuarios": 4322,
  "sesiones": 4806,
  "paginas_vistas": 5383,
  "interaccion_media_seg": 178568,
  "rebote": 64.10736579275905,
  "conversiones": 1423,
  "tasa_conversion": 12.151477320016646,
  "trafico_organico": null
}