{
  "usuarios": 2237,
  "sesiones": 2404,
  "paginas_vistas": 2755,
  "interaccion_media_seg": 75456,
  "rebote": 57.48752079866889,
  "conversiones": 1027,
  "tasa_conversion": 17.88685524126456,
  "trafico_organico": null
}