{
  "usuarios": 1973,
  "sesiones": 2121,
  "paginas_vistas": 2462,
  "interaccion_media_seg": 59838,
  "rebote": 58.55728429985856,
  "conversiones": 878,
  "tasa_conversion": 17.35030645921735,
  "trafico_organico": null
}