{
  "usuarios": 6042,
  "sesiones": 6668,
  "paginas_vistas": 7098,
  "interaccion_media_seg": 228703,
  "rebote": 62.43251349730053,
  "conversiones": 2257,
  "tasa_conversion": 13.752249550089982,
  "trafico_organico": null
}