{
  "usuarios": 1355,
  "sesiones": 1590,
  "paginas_vistas": 2050,
  "interaccion_media_seg": 71973,
  "rebote": 59.81132075471698,
  "conversiones": 594,
  "tasa_conversion": 15.723270440251572,
  "trafico_organico": null
}