{
  "usuarios": 6057,
  "sesiones": 6720,
  "paginas_vistas": 7132,
  "interaccion_media_seg": 230135,
  "rebote": 62.44047619047619,
  "conversiones": 2272,
  "tasa_conversion": 13.794642857142858,
  "trafico_organico": null
}