{
  "usuarios": 956,
  "sesiones": 1159,
  "paginas_vistas": 1609,
  "interaccion_media_seg": 54645,
  "rebote": 56.94564279551337,
  "conversiones": 485,
  "tasa_conversion": 17.946505608283005,
  "trafico_organico": null
}