{
  "usuarios": 176,
  "sesiones": 239,
  "paginas_vistas": 374,
  "interaccion_media_seg": 8317,
  "rebote": 49.7907949790795,
  "conversiones": 82,
  "tasa_conversion": 20.920502092050206,
  "trafico_organico": null
}