{
  "usuarios": 319,
  "sesiones": 383,
  "paginas_vistas": 524,
  "interaccion_media_seg": 9400,
  "rebote": 64.49086161879896,
  "conversiones": 84,
  "tasa_conversion": 15.926892950391643,
  "trafico_organico": null
}