{
  "usuarios": 1972,
  "sesiones": 2119,
  "paginas_vistas": 2461,
  "interaccion_media_seg": 59838,
  "rebote": 58.56536101934875,
  "conversiones": 878,
  "tasa_conversion": 17.366682397357245,
  "trafico_organico": null
}