{
  "usuarios": 5567,
  "sesiones": 6223,
  "paginas_vistas": 6521,
  "interaccion_media_seg": 222250,
  "rebote": 62.011891370721514,
  "conversiones": 2194,
  "tasa_conversion": 13.916117628153623,
  "trafico_organico": null
}