{
  "usuarios": 663,
  "sesiones": 851,
  "paginas_vistas": 1299,
  "interaccion_media_seg": 29502,
  "rebote": 56.63924794359577,
  "conversiones": 234,
  "tasa_conversion": 15.981198589894241,
  "trafico_organico": null
}