{
  "usuarios": 5909,
  "sesiones": 6464,
  "paginas_vistas": 6838,
  "interaccion_media_seg": 223415,
  "rebote": 62.63923267326733,
  "conversiones": 2208,
  "tasa_conversion": 13.613861386138614,
  "trafico_organico": null
}