{
  "usuarios": 1030,
  "sesiones": 1243,
  "paginas_vistas": 1698,
  "interaccion_media_seg": 56928,
  "rebote": 58.9702333065165,
  "conversiones": 510,
  "tasa_conversion": 17.45776347546259,
  "trafico_organico": null
}