{
  "usuarios": 186,
  "sesiones": 265,
  "paginas_vistas": 381,
  "interaccion_media_seg": 9321,
  "rebote": 44.528301886792455,
  "conversiones": 91,
  "tasa_conversion": 20.37735849056604,
  "trafico_organico": null
}