{
  "usuarios": 892,
  "sesiones": 1090,
  "paginas_vistas": 1528,
  "interaccion_media_seg": 51003,
  "rebote": 55.04587155963303,
  "conversiones": 461,
  "tasa_conversion": 18.256880733944953,
  "trafico_organico": null
}