{
  "usuarios": 4384,
  "sesiones": 4790,
  "paginas_vistas": 5180,
  "interaccion_media_seg": 161824,
  "rebote": 61.544885177453025,
  "conversiones": 1672,
  "tasa_conversion": 13.987473903966595,
  "trafico_organico": null
}