{
  "usuarios": 147,
  "sesiones": 178,
  "paginas_vistas": 206,
  "interaccion_media_seg": 2408,
  "rebote": 85.95505617977528,
  "conversiones": 2,
  "tasa_conversion": 1.1235955056179776,
  "trafico_organico": null
}