{
  "usuarios": 1780,
  "sesiones": 2046,
  "paginas_vistas": 2533,
  "interaccion_media_seg": 80284,
  "rebote": 60.899315738025415,
  "conversiones": 646,
  "tasa_conversion": 13.831867057673508,
  "trafico_organico": null
}