{
  "usuarios": 322,
  "sesiones": 389,
  "paginas_vistas": 532,
  "interaccion_media_seg": 9400,
  "rebote": 65.03856041131105,
  "conversiones": 84,
  "tasa_conversion": 15.681233933161954,
  "trafico_organico": null
}