{
  "usuarios": 5148,
  "sesiones": 5826,
  "paginas_vistas": 6265,
  "interaccion_media_seg": 219941,
  "rebote": 63.38825952626158,
  "conversiones": 1990,
  "tasa_conversion": 13.199450738070716,
  "trafico_organico": null
}