{
  "usuarios": 1869,
  "sesiones": 2136,
  "paginas_vistas": 2622,
  "interaccion_media_seg": 81484,
  "rebote": 62.21910112359551,
  "conversiones": 657,
  "tasa_conversion": 13.576779026217228,
  "trafico_organico": null
}