{
  "usuarios": 1111,
  "sesiones": 1328,
  "paginas_vistas": 1786,
  "interaccion_media_seg": 61252,
  "rebote": 56.852409638554214,
  "conversiones": 543,
  "tasa_conversion": 17.24397590361446,
  "trafico_organico": null
}