{
  "usuarios": 1977,
  "sesiones": 2126,
  "paginas_vistas": 2468,
  "interaccion_media_seg": 59882,
  "rebote": 58.65475070555033,
  "conversiones": 878,
  "tasa_conversion": 17.30950141110066,
  "trafico_organico": null
}