{
  "usuarios": 4119,
  "sesiones": 4617,
  "paginas_vistas": 5162,
  "interaccion_media_seg": 169432,
  "rebote": 65.12887156162009,
  "conversiones": 1299,
  "tasa_conversion": 11.609270088802253,
  "trafico_organico": null
}