{
  "usuarios": 4961,
  "sesiones": 5599,
  "paginas_vistas": 6086,
  "interaccion_media_seg": 208780,
  "rebote": 62.8147883550634,
  "conversiones": 1820,
  "tasa_conversion": 12.770137524557956,
  "trafico_organico": null
}