{
  "usuarios": 157,
  "sesiones": 189,
  "paginas_vistas": 217,
  "interaccion_media_seg": 2097,
  "rebote": 88.35978835978835,
  "conversiones": 2,
  "tasa_conversion": 1.0582010582010581,
  "trafico_organico": null
}