{
  "usuarios": 5236,
  "sesiones": 5838,
  "paginas_vistas": 6252,
  "interaccion_media_seg": 221593,
  "rebote": 61.93902021240151,
  "conversiones": 2096,
  "tasa_conversion": 13.720452209660843,
  "trafico_organico": null
}