{
  "usuarios": 1976,
  "sesiones": 2125,
  "paginas_vistas": 2467,
  "interaccion_media_seg": 59874,
  "rebote": 58.635294117647064,
  "conversiones": 878,
  "tasa_conversion": 17.31764705882353,
  "trafico_organico": null
}