{
  "usuarios": 4149,
  "sesiones": 4638,
  "paginas_vistas": 5195,
  "interaccion_media_seg": 170338,
  "rebote": 65.20051746442432,
  "conversiones": 1315,
  "tasa_conversion": 11.642949547218628,
  "trafico_organico": null
}