{
  "usuarios": 2858,
  "sesiones": 3195,
  "paginas_vistas": 3740,
  "interaccion_media_seg": 106250,
  "rebote": 65.79029733959312,
  "conversiones": 815,
  "tasa_conversion": 11.580594679186229,
  "trafico_organico": null
}