{
  "usuarios": 4269,
  "sesiones": 4746,
  "paginas_vistas": 5321,
  "interaccion_media_seg": 174033,
  "rebote": 63.94858828487146,
  "conversiones": 1367,
  "tasa_conversion": 11.925832279814582,
  "trafico_organico": null
}