{
  "usuarios": 3835,
  "sesiones": 4290,
  "paginas_vistas": 4823,
  "interaccion_media_seg": 151790,
  "rebote": 66.2004662004662,
  "conversiones": 1054,
  "tasa_conversion": 11.235431235431236,
  "trafico_organico": null
}