{
  "usuarios": 161,
  "sesiones": 191,
  "paginas_vistas": 218,
  "interaccion_media_seg": 2414,
  "rebote": 86.38743455497382,
  "conversiones": 2,
  "tasa_conversion": 1.0471204188481675,
  "trafico_organico": null
}