{
  "usuarios": 6068,
  "sesiones": 6723,
  "paginas_vistas": 7136,
  "interaccion_media_seg": 231732,
  "rebote": 62.10025286330507,
  "conversiones": 2300,
  "tasa_conversion": 13.981853339283056,
  "trafico_organico": null
}