{
  "usuarios": 425,
  "sesiones": 487,
  "paginas_vistas": 622,
  "interaccion_media_seg": 12867,
  "rebote": 64.47638603696099,
  "conversiones": 141,
  "tasa_conversion": 17.453798767967147,
  "trafico_organico": null
}