{
  "usuarios": 663,
  "sesiones": 849,
  "paginas_vistas": 1297,
  "interaccion_media_seg": 29502,
  "rebote": 56.53710247349824,
  "conversiones": 234,
  "tasa_conversion": 16.0188457008245,
  "trafico_organico": null
}