{
  "usuarios": 151,
  "sesiones": 216,
  "paginas_vistas": 319,
  "interaccion_media_seg": 8472,
  "rebote": 43.51851851851852,
  "conversiones": 84,
  "tasa_conversion": 22.22222222222222,
  "trafico_organico": null
}