{
  "usuarios": 3254,
  "sesiones": 3504,
  "paginas_vistas": 3907,
  "interaccion_media_seg": 124685,
  "rebote": 58.27625570776256,
  "conversiones": 1474,
  "tasa_conversion": 16.267123287671232,
  "trafico_organico": null
}