{
  "usuarios": 4897,
  "sesiones": 5488,
  "paginas_vistas": 6014,
  "interaccion_media_seg": 205866,
  "rebote": 63.86661807580175,
  "conversiones": 1768,
  "tasa_conversion": 12.718658892128278,
  "trafico_organico": null
}