{
  "usuarios": 1104,
  "sesiones": 1201,
  "paginas_vistas": 1479,
  "interaccion_media_seg": 18857,
  "rebote": 65.52872606161532,
  "conversiones": 226,
  "tasa_conversion": 13.322231473771856,
  "trafico_organico": null
}