{
  "usuarios": 198,
  "sesiones": 265,
  "paginas_vistas": 403,
  "interaccion_media_seg": 8520,
  "rebote": 52.83018867924528,
  "conversiones": 87,
  "tasa_conversion": 20.754716981132077,
  "trafico_organico": null
}