{
  "usuarios": 154,
  "sesiones": 235,
  "paginas_vistas": 491,
  "interaccion_media_seg": 10490,
  "rebote": 55.319148936170215,
  "conversiones": 29,
  "tasa_conversion": 8.936170212765958,
  "trafico_organico": null
}