{
  "usuarios": 4935,
  "sesiones": 5549,
  "paginas_vistas": 6060,
  "interaccion_media_seg": 207295,
  "rebote": 62.55181113714183,
  "conversiones": 1795,
  "tasa_conversion": 12.795098215894757,
  "trafico_organico": null
}