{
  "usuarios": 148,
  "sesiones": 180,
  "paginas_vistas": 208,
  "interaccion_media_seg": 2410,
  "rebote": 85.55555555555556,
  "conversiones": 2,
  "tasa_conversion": 1.1111111111111112,
  "trafico_organico": null
}