{
  "usuarios": 5829,
  "sesiones": 6489,
  "paginas_vistas": 6845,
  "interaccion_media_seg": 230023,
  "rebote": 63.291724456773004,
  "conversiones": 2244,
  "tasa_conversion": 13.915857605177994,
  "trafico_organico": null
}