{
  "usuarios": 5146,
  "sesiones": 5824,
  "paginas_vistas": 6261,
  "interaccion_media_seg": 219887,
  "rebote": 63.39285714285714,
  "conversiones": 1990,
  "tasa_conversion": 13.203983516483516,
  "trafico_organico": null
}