{
  "usuarios": 5255,
  "sesiones": 5858,
  "paginas_vistas": 6212,
  "interaccion_media_seg": 214309,
  "rebote": 62.78593376579037,
  "conversiones": 1999,
  "tasa_conversion": 13.776032775691363,
  "trafico_organico": null
}