{
  "usuarios": 381,
  "sesiones": 443,
  "paginas_vistas": 574,
  "interaccion_media_seg": 11150,
  "rebote": 64.33408577878103,
  "conversiones": 102,
  "tasa_conversion": 15.80135440180587,
  "trafico_organico": null
}