{
  "usuarios": 1478,
  "sesiones": 1599,
  "paginas_vistas": 1913,
  "interaccion_media_seg": 39479,
  "rebote": 60.47529706066291,
  "conversiones": 570,
  "tasa_conversion": 16.760475297060662,
  "trafico_organico": null
}