{
  "usuarios": 163,
  "sesiones": 196,
  "paginas_vistas": 264,
  "interaccion_media_seg": 1855,
  "rebote": 88.26530612244898,
  "conversiones": 1,
  "tasa_conversion": 0.5102040816326531,
  "trafico_organico": null
}