{
  "usuarios": 3871,
  "sesiones": 4333,
  "paginas_vistas": 4882,
  "interaccion_media_seg": 153867,
  "rebote": 64.04338795291945,
  "conversiones": 1064,
  "tasa_conversion": 11.193168705285023,
  "trafico_organico": null
}