{
  "usuarios": 6036,
  "sesiones": 6641,
  "paginas_vistas": 7056,
  "interaccion_media_seg": 227235,
  "rebote": 62.53576268634242,
  "conversiones": 2256,
  "tasa_conversion": 13.793103448275861,
  "trafico_organico": null
}