{
  "usuarios": 4178,
  "sesiones": 4655,
  "paginas_vistas": 5234,
  "interaccion_media_seg": 170674,
  "rebote": 63.63050483351235,
  "conversiones": 1325,
  "tasa_conversion": 11.686358754027927,
  "trafico_organico": null
}