{
  "usuarios": 1957,
  "sesiones": 2229,
  "paginas_vistas": 2718,
  "interaccion_media_seg": 85137,
  "rebote": 63.39165545087483,
  "conversiones": 669,
  "tasa_conversion": 13.41408703454464,
  "trafico_organico": null
}