{
  "usuarios": 2138,
  "sesiones": 2412,
  "paginas_vistas": 2912,
  "interaccion_media_seg": 86735,
  "rebote": 65.75456053067992,
  "conversiones": 691,
  "tasa_conversion": 12.976782752902155,
  "trafico_organico": null
}