{
  "usuarios": 1017,
  "sesiones": 1227,
  "paginas_vistas": 1682,
  "interaccion_media_seg": 56449,
  "rebote": 58.679706601467,
  "conversiones": 495,
  "tasa_conversion": 17.359413202933986,
  "trafico_organico": null
}