{
  "usuarios": 5238,
  "sesiones": 5840,
  "paginas_vistas": 6259,
  "interaccion_media_seg": 221693,
  "rebote": 61.93493150684931,
  "conversiones": 2098,
  "tasa_conversion": 13.715753424657533,
  "trafico_organico": null
}