{
  "usuarios": 5007,
  "sesiones": 5646,
  "paginas_vistas": 6132,
  "interaccion_media_seg": 211360,
  "rebote": 62.964930924548355,
  "conversiones": 1856,
  "tasa_conversion": 12.840949344668791,
  "trafico_organico": null
}