{
  "usuarios": 3848,
  "sesiones": 4302,
  "paginas_vistas": 4856,
  "interaccion_media_seg": 153769,
  "rebote": 63.78428637842863,
  "conversiones": 1063,
  "tasa_conversion": 11.250581125058112,
  "trafico_organico": null
}