{
  "usuarios": 3328,
  "sesiones": 3728,
  "paginas_vistas": 4251,
  "interaccion_media_seg": 129628,
  "rebote": 65.79935622317596,
  "conversiones": 912,
  "tasa_conversion": 11.373390557939913,
  "trafico_organico": null
}