{
  "usuarios": 3712,
  "sesiones": 4020,
  "paginas_vistas": 4415,
  "interaccion_media_seg": 148128,
  "rebote": 59.37810945273632,
  "conversiones": 1557,
  "tasa_conversion": 15.298507462686567,
  "trafico_organico": null
}