{
  "usuarios": 159,
  "sesiones": 190,
  "paginas_vistas": 218,
  "interaccion_media_seg": 2420,
  "rebote": 86.31578947368422,
  "conversiones": 2,
  "tasa_conversion": 1.0526315789473684,
  "trafico_organico": null
}