{
  "usuarios": 5851,
  "sesiones": 6503,
  "paginas_vistas": 6884,
  "interaccion_media_seg": 230219,
  "rebote": 62.09441796094111,
  "conversiones": 2249,
  "tasa_conversion": 13.947408888205443,
  "trafico_organico": null
}