{
  "usuarios": 3840,
  "sesiones": 4293,
  "paginas_vistas": 4837,
  "interaccion_media_seg": 151853,
  "rebote": 66.20079198695551,
  "conversiones": 1056,
  "tasa_conversion": 11.2275797810389,
  "trafico_organico": null
}