{
  "usuarios": 1470,
  "sesiones": 1591,
  "paginas_vistas": 1897,
  "interaccion_media_seg": 39479,
  "rebote": 60.27655562539284,
  "conversiones": 570,
  "tasa_conversion": 16.84475172847266,
  "trafico_organico": null
}