{
  "usuarios": 165,
  "sesiones": 199,
  "paginas_vistas": 279,
  "interaccion_media_seg": 1951,
  "rebote": 87.93969849246231,
  "conversiones": 2,
  "tasa_conversion": 1.0050251256281406,
  "trafico_organico": null
}