{
  "usuarios": 172,
  "sesiones": 245,
  "paginas_vistas": 354,
  "interaccion_media_seg": 8128,
  "rebote": 44.89795918367347,
  "conversiones": 83,
  "tasa_conversion": 20.408163265306122,
  "trafico_organico": null
}