{
  "usuarios": 785,
  "sesiones": 982,
  "paginas_vistas": 1430,
  "interaccion_media_seg": 45593,
  "rebote": 55.09164969450102,
  "conversiones": 400,
  "tasa_conversion": 18.228105906313647,
  "trafico_organico": null
}