{
  "usuarios": 184,
  "sesiones": 280,
  "paginas_vistas": 555,
  "interaccion_media_seg": 13852,
  "rebote": 44.285714285714285,
  "conversiones": 77,
  "tasa_conversion": 15.714285714285714,
  "trafico_organico": null
}