{
  "usuarios": 2189,
  "sesiones": 2465,
  "paginas_vistas": 2961,
  "interaccion_media_seg": 89123,
  "rebote": 66.49087221095334,
  "conversiones": 693,
  "tasa_conversion": 12.738336713995944,
  "trafico_organico": null
}