{
  "usuarios": 6047,
  "sesiones": 6691,
  "paginas_vistas": 7131,
  "interaccion_media_seg": 229706,
  "rebote": 62.636377223135554,
  "conversiones": 2261,
  "tasa_conversion": 13.734867732775369,
  "trafico_organico": null
}