{
  "usuarios": 1343,
  "sesiones": 1575,
  "paginas_vistas": 2033,
  "interaccion_media_seg": 71377,
  "rebote": 59.42857142857143,
  "conversiones": 593,
  "tasa_conversion": 15.873015873015872,
  "trafico_organico": null
}