{
  "usuarios": 424,
  "sesiones": 486,
  "paginas_vistas": 621,
  "interaccion_media_seg": 12840,
  "rebote": 64.40329218106996,
  "conversiones": 140,
  "tasa_conversion": 17.48971193415638,
  "trafico_organico": null
}