{
  "usuarios": 950,
  "sesiones": 1153,
  "paginas_vistas": 1600,
  "interaccion_media_seg": 54636,
  "rebote": 56.80832610581093,
  "conversiones": 484,
  "tasa_conversion": 18.039895923677363,
  "trafico_organico": null
}