{
  "usuarios": 5831,
  "sesiones": 6530,
  "paginas_vistas": 6827,
  "interaccion_media_seg": 226689,
  "rebote": 63.16998468606432,
  "conversiones": 2251,
  "tasa_conversion": 13.920367534456354,
  "trafico_organico": null
}