{
  "usuarios": 4958,
  "sesiones": 5393,
  "paginas_vistas": 5826,
  "interaccion_media_seg": 172143,
  "rebote": 62.859262006304476,
  "conversiones": 1744,
  "tasa_conversion": 13.276469497496754,
  "trafico_organico": null
}