{
  "usuarios": 1780,
  "sesiones": 2047,
  "paginas_vistas": 2534,
  "interaccion_media_seg": 80284,
  "rebote": 60.91841719589644,
  "conversiones": 646,
  "tasa_conversion": 13.825109916951636,
  "trafico_organico": null
}