{
  "usuarios": 821,
  "sesiones": 1018,
  "paginas_vistas": 1465,
  "interaccion_media_seg": 46386,
  "rebote": 53.045186640471506,
  "conversiones": 426,
  "tasa_conversion": 18.172888015717092,
  "trafico_organico": null
}