{
  "usuarios": 3708,
  "sesiones": 4015,
  "paginas_vistas": 4412,
  "interaccion_media_seg": 148103,
  "rebote": 59.32752179327522,
  "conversiones": 1557,
  "tasa_conversion": 15.317559153175592,
  "trafico_organico": null
}