{
  "usuarios": 3127,
  "sesiones": 3498,
  "paginas_vistas": 4032,
  "interaccion_media_seg": 121955,
  "rebote": 67.81017724413951,
  "conversiones": 867,
  "tasa_conversion": 11.463693539165238,
  "trafico_organico": null
}