{
  "usuarios": 6052,
  "sesiones": 6720,
  "paginas_vistas": 7104,
  "interaccion_media_seg": 231367,
  "rebote": 63.16964285714286,
  "conversiones": 2292,
  "tasa_conversion": 13.988095238095239,
  "trafico_organico": null
}