{
  "usuarios": 183,
  "sesiones": 275,
  "paginas_vistas": 477,
  "interaccion_media_seg": 11843,
  "rebote": 41.81818181818181,
  "conversiones": 83,
  "tasa_conversion": 17.454545454545457,
  "trafico_organico": null
}