{
  "usuarios": 165,
  "sesiones": 237,
  "paginas_vistas": 343,
  "interaccion_media_seg": 8022,
  "rebote": 45.14767932489451,
  "conversiones": 77,
  "tasa_conversion": 19.831223628691983,
  "trafico_organico": null
}