{
  "usuarios": 995,
  "sesiones": 1198,
  "paginas_vistas": 1653,
  "interaccion_media_seg": 55305,
  "rebote": 58.09682804674458,
  "conversiones": 491,
  "tasa_conversion": 17.6126878130217,
  "trafico_organico": null
}