{
  "usuarios": 139,
  "sesiones": 198,
  "paginas_vistas": 305,
  "interaccion_media_seg": 7418,
  "rebote": 46.464646464646464,
  "conversiones": 72,
  "tasa_conversion": 21.71717171717172,
  "trafico_organico": null
}