{
  "usuarios": 6055,
  "sesiones": 6716,
  "paginas_vistas": 7114,
  "interaccion_media_seg": 229855,
  "rebote": 62.41810601548541,
  "conversiones": 2272,
  "tasa_conversion": 13.802858844550329,
  "trafico_organico": null
}