{
  "usuarios": 4888,
  "sesiones": 5471,
  "paginas_vistas": 6004,
  "interaccion_media_seg": 203250,
  "rebote": 63.90056662401755,
  "conversiones": 1743,
  "tasa_conversion": 12.538841162493144,
  "trafico_organico": null
}