{
  "usuarios": 159,
  "sesiones": 231,
  "paginas_vistas": 338,
  "interaccion_media_seg": 7994,
  "rebote": 43.722943722943725,
  "conversiones": 75,
  "tasa_conversion": 19.480519480519483,
  "trafico_organico": null
}