{
  "usuarios": 657,
  "sesiones": 840,
  "paginas_vistas": 1284,
  "interaccion_media_seg": 27939,
  "rebote": 56.19047619047619,
  "conversiones": 231,
  "tasa_conversion": 16.071428571428573,
  "trafico_organico": null
}