{
  "usuarios": 187,
  "sesiones": 285,
  "paginas_vistas": 541,
  "interaccion_media_seg": 13065,
  "rebote": 45.26315789473684,
  "conversiones": 80,
  "tasa_conversion": 16.49122807017544,
  "trafico_organico": null
}