{
  "usuarios": 191,
  "sesiones": 292,
  "paginas_vistas": 548,
  "interaccion_media_seg": 13083,
  "rebote": 40.06849315068493,
  "conversiones": 82,
  "tasa_conversion": 16.78082191780822,
  "trafico_organico": null
}