{
  "usuarios": 165,
  "sesiones": 198,
  "paginas_vistas": 275,
  "interaccion_media_seg": 1895,
  "rebote": 87.87878787878788,
  "conversiones": 2,
  "tasa_conversion": 1.0101010101010102,
  "trafico_organico": null
}