{
  "usuarios": 154,
  "sesiones": 185,
  "paginas_vistas": 253,
  "interaccion_media_seg": 1945,
  "rebote": 86.48648648648648,
  "conversiones": 1,
  "tasa_conversion": 0.5405405405405406,
  "trafico_organico": null
}