{
  "usuarios": 3482,
  "sesiones": 3864,
  "paginas_vistas": 4427,
  "interaccion_media_seg": 136539,
  "rebote": 66.66666666666666,
  "conversiones": 940,
  "tasa_conversion": 11.231884057971014,
  "trafico_organico": null
}