{
  "usuarios": 1108,
  "sesiones": 1206,
  "paginas_vistas": 1483,
  "interaccion_media_seg": 18857,
  "rebote": 65.67164179104478,
  "conversiones": 226,
  "tasa_conversion": 13.266998341625207,
  "trafico_organico": null
}