{
  "usuarios": 2615,
  "sesiones": 2900,
  "paginas_vistas": 3436,
  "interaccion_media_seg": 96966,
  "rebote": 68.3103448275862,
  "conversiones": 774,
  "tasa_conversion": 12.034482758620689,
  "trafico_organico": null
}