{
  "usuarios": 192,
  "sesiones": 294,
  "paginas_vistas": 551,
  "interaccion_media_seg": 13326,
  "rebote": 40.476190476190474,
  "conversiones": 85,
  "tasa_conversion": 17.006802721088434,
  "trafico_organico": null
}