{
  "usuarios": 174,
  "sesiones": 226,
  "paginas_vistas": 357,
  "interaccion_media_seg": 6777,
  "rebote": 55.75221238938053,
  "conversiones": 63,
  "tasa_conversion": 20.353982300884958,
  "trafico_organico": null
}