{
  "usuarios": 1468,
  "sesiones": 1589,
  "paginas_vistas": 1895,
  "interaccion_media_seg": 39479,
  "rebote": 60.22655758338578,
  "conversiones": 570,
  "tasa_conversion": 16.865953429830082,
  "trafico_organico": null
}