{
  "usuarios": 179,
  "sesiones": 252,
  "paginas_vistas": 360,
  "interaccion_media_seg": 8158,
  "rebote": 46.03174603174603,
  "conversiones": 87,
  "tasa_conversion": 20.634920634920633,
  "trafico_organico": null
}