{
  "usuarios": 5137,
  "sesiones": 5815,
  "paginas_vistas": 6249,
  "interaccion_media_seg": 218217,
  "rebote": 63.37059329320722,
  "conversiones": 1980,
  "tasa_conversion": 13.207222699914015,
  "trafico_organico": null
}