{
  "usuarios": 1111,
  "sesiones": 1217,
  "paginas_vistas": 1503,
  "interaccion_media_seg": 19108,
  "rebote": 65.24239934264585,
  "conversiones": 234,
  "tasa_conversion": 13.475760065735415,
  "trafico_organico": null
}