{
  "usuarios": 4657,
  "sesiones": 5106,
  "paginas_vistas": 5475,
  "interaccion_media_seg": 169718,
  "rebote": 62.33842538190364,
  "conversiones": 1712,
  "tasa_conversion": 13.631022326674499,
  "trafico_organico": null
}