{
  "usuarios": 158,
  "sesiones": 191,
  "paginas_vistas": 219,
  "interaccion_media_seg": 2102,
  "rebote": 88.48167539267016,
  "conversiones": 2,
  "tasa_conversion": 1.0471204188481675,
  "trafico_organico": null
}