{
  "usuarios": 5244,
  "sesiones": 5856,
  "paginas_vistas": 6245,
  "interaccion_media_seg": 220599,
  "rebote": 61.52663934426229,
  "conversiones": 2116,
  "tasa_conversion": 13.763661202185792,
  "trafico_organico": null
}