{
  "usuarios": 155,
  "sesiones": 220,
  "paginas_vistas": 324,
  "interaccion_media_seg": 8515,
  "rebote": 44.09090909090909,
  "conversiones": 85,
  "tasa_conversion": 22.272727272727273,
  "trafico_organico": null
}