{
  "usuarios": 189,
  "sesiones": 244,
  "paginas_vistas": 384,
  "interaccion_media_seg": 7093,
  "rebote": 57.786885245901644,
  "conversiones": 64,
  "tasa_conversion": 19.262295081967213,
  "trafico_organico": null
}