{
  "usuarios": 6053,
  "sesiones": 6720,
  "paginas_vistas": 7107,
  "interaccion_media_seg": 231394,
  "rebote": 63.154761904761905,
  "conversiones": 2295,
  "tasa_conversion": 14.00297619047619,
  "trafico_organico": null
}