{
  "usuarios": 183,
  "sesiones": 229,
  "paginas_vistas": 364,
  "interaccion_media_seg": 2608,
  "rebote": 82.53275109170306,
  "conversiones": 3,
  "tasa_conversion": 0.8733624454148471,
  "trafico_organico": null
}