{
  "usuarios": 166,
  "sesiones": 249,
  "paginas_vistas": 504,
  "interaccion_media_seg": 11302,
  "rebote": 56.22489959839358,
  "conversiones": 40,
  "tasa_conversion": 10.441767068273093,
  "trafico_organico": null
}