{
  "usuarios": 3585,
  "sesiones": 3998,
  "paginas_vistas": 4548,
  "interaccion_media_seg": 139457,
  "rebote": 64.55727863931966,
  "conversiones": 971,
  "tasa_conversion": 11.180590295147574,
  "trafico_organico": null
}