{
  "usuarios": 4387,
  "sesiones": 4791,
  "paginas_vistas": 5184,
  "interaccion_media_seg": 161824,
  "rebote": 61.53203924024212,
  "conversiones": 1672,
  "tasa_conversion": 13.984554372782302,
  "trafico_organico": null
}