{
  "usuarios": 6051,
  "sesiones": 6708,
  "paginas_vistas": 7092,
  "interaccion_media_seg": 229633,
  "rebote": 62.373285629099584,
  "conversiones": 2272,
  "tasa_conversion": 13.819320214669052,
  "trafico_organico": null
}