{
  "usuarios": 156,
  "sesiones": 191,
  "paginas_vistas": 260,
  "interaccion_media_seg": 2007,
  "rebote": 86.91099476439791,
  "conversiones": 1,
  "tasa_conversion": 0.5235602094240838,
  "trafico_organico": null
}