{
  "usuarios": 2093,
  "sesiones": 2364,
  "paginas_vistas": 2858,
  "interaccion_media_seg": 86363,
  "rebote": 65.18612521150592,
  "conversiones": 686,
  "tasa_conversion": 13.071065989847716,
  "trafico_organico": null
}