{
  "usuarios": 154,
  "sesiones": 188,
  "paginas_vistas": 257,
  "interaccion_media_seg": 2007,
  "rebote": 86.70212765957447,
  "conversiones": 1,
  "tasa_conversion": 0.5319148936170213,
  "trafico_organico": null
}