{
  "usuarios": 5244,
  "sesiones": 5874,
  "paginas_vistas": 6277,
  "interaccion_media_seg": 222170,
  "rebote": 61.55941436840313,
  "conversiones": 2111,
  "tasa_conversion": 13.687436159346273,
  "trafico_organico": null
}