{
  "usuarios": 165,
  "sesiones": 252,
  "paginas_vistas": 508,
  "interaccion_media_seg": 13031,
  "rebote": 49.2063492063492,
  "conversiones": 63,
  "tasa_conversion": 13.88888888888889,
  "trafico_organico": null
}