{
  "usuarios": 6069,
  "sesiones": 6726,
  "paginas_vistas": 7141,
  "interaccion_media_seg": 231745,
  "rebote": 62.11715730002973,
  "conversiones": 2300,
  "tasa_conversion": 13.975617008623253,
  "trafico_organico": null
}