{
  "usuarios": 186,
  "sesiones": 261,
  "paginas_vistas": 372,
  "interaccion_media_seg": 8375,
  "rebote": 43.67816091954023,
  "conversiones": 90,
  "tasa_conversion": 20.689655172413794,
  "trafico_organico": null
}