{
  "usuarios": 1778,
  "sesiones": 2040,
  "paginas_vistas": 2528,
  "interaccion_media_seg": 79298,
  "rebote": 60.78431372549019,
  "conversiones": 646,
  "tasa_conversion": 13.872549019607844,
  "trafico_organico": null
}