{
  "usuarios": 5639,
  "sesiones": 6149,
  "paginas_vistas": 6508,
  "interaccion_media_seg": 215018,
  "rebote": 62.5304927630509,
  "conversiones": 2106,
  "tasa_conversion": 13.530655391120508,
  "trafico_organico": null
}