{
  "usuarios": 1130,
  "sesiones": 1351,
  "paginas_vistas": 1815,
  "interaccion_media_seg": 61424,
  "rebote": 57.43893412287194,
  "conversiones": 545,
  "tasa_conversion": 17.098445595854923,
  "trafico_organico": null
}