{
  "usuarios": 158,
  "sesiones": 190,
  "paginas_vistas": 258,
  "interaccion_media_seg": 1851,
  "rebote": 87.89473684210526,
  "conversiones": 1,
  "tasa_conversion": 0.5263157894736842,
  "trafico_organico": null
}