{
  "usuarios": 1107,
  "sesiones": 1205,
  "paginas_vistas": 1482,
  "interaccion_media_seg": 18857,
  "rebote": 65.64315352697095,
  "conversiones": 226,
  "tasa_conversion": 13.278008298755188,
  "trafico_organico": null
}