{
  "usuarios": 2943,
  "sesiones": 3286,
  "paginas_vistas": 3826,
  "interaccion_media_seg": 109198,
  "rebote": 66.40292148508826,
  "conversiones": 834,
  "tasa_conversion": 11.594643944004869,
  "trafico_organico": null
}