{
  "usuarios": 6052,
  "sesiones": 6729,
  "paginas_vistas": 7139,
  "interaccion_media_seg": 230192,
  "rebote": 62.49071184425621,
  "conversiones": 2272,
  "tasa_conversion": 13.776192599197504,
  "trafico_organico": null
}