{
  "usuarios": 159,
  "sesiones": 192,
  "paginas_vistas": 239,
  "interaccion_media_seg": 1837,
  "rebote": 86.45833333333334,
  "conversiones": 2,
  "tasa_conversion": 1.0416666666666665,
  "trafico_organico": null
}