{
  "usuarios": 174,
  "sesiones": 265,
  "paginas_vistas": 533,
  "interaccion_media_seg": 13578,
  "rebote": 51.320754716981135,
  "conversiones": 66,
  "tasa_conversion": 13.584905660377359,
  "trafico_organico": null
}