{
  "usuarios": 145,
  "sesiones": 205,
  "paginas_vistas": 326,
  "interaccion_media_seg": 7836,
  "rebote": 47.80487804878049,
  "conversiones": 73,
  "tasa_conversion": 21.463414634146343,
  "trafico_organico": null
}