{
  "usuarios": 1762,
  "sesiones": 2008,
  "paginas_vistas": 2496,
  "interaccion_media_seg": 78949,
  "rebote": 63.49601593625498,
  "conversiones": 643,
  "tasa_conversion": 14.043824701195218,
  "trafico_organico": null
}