{
  "usuarios": 4830,
  "sesiones": 5411,
  "paginas_vistas": 5944,
  "interaccion_media_seg": 201083,
  "rebote": 63.66660506375901,
  "conversiones": 1711,
  "tasa_conversion": 12.456107928294216,
  "trafico_organico": null
}