{
  "usuarios": 175,
  "sesiones": 262,
  "paginas_vistas": 518,
  "interaccion_media_seg": 12204,
  "rebote": 50.38167938931297,
  "conversiones": 50,
  "tasa_conversion": 11.83206106870229,
  "trafico_organico": null
}