{
  "usuarios": 4951,
  "sesiones": 5572,
  "paginas_vistas": 6075,
  "interaccion_media_seg": 207498,
  "rebote": 62.70638908829863,
  "conversiones": 1808,
  "tasa_conversion": 12.778176597272076,
  "trafico_organico": null
}