{
  "usuarios": 162,
  "sesiones": 193,
  "paginas_vistas": 220,
  "interaccion_media_seg": 1570,
  "rebote": 88.60103626943005,
  "conversiones": 2,
  "tasa_conversion": 1.0362694300518136,
  "trafico_organico": null
}