{
  "usuarios": 4972,
  "sesiones": 5613,
  "paginas_vistas": 6099,
  "interaccion_media_seg": 208954,
  "rebote": 62.818457153037585,
  "conversiones": 1830,
  "tasa_conversion": 12.809549260644932,
  "trafico_organico": null
}