{
  "usuarios": 157,
  "sesiones": 188,
  "paginas_vistas": 264,
  "interaccion_media_seg": 1892,
  "rebote": 88.29787234042553,
  "conversiones": 1,
  "tasa_conversion": 0.5319148936170213,
  "trafico_organico": null
}