{
  "usuarios": 159,
  "sesiones": 192,
  "paginas_vistas": 260,
  "interaccion_media_seg": 1928,
  "rebote": 88.02083333333334,
  "conversiones": 1,
  "tasa_conversion": 0.5208333333333333,
  "trafico_organico": null
}