{
  "usuarios": 658,
  "sesiones": 842,
  "paginas_vistas": 1288,
  "interaccion_media_seg": 28058,
  "rebote": 56.294536817102134,
  "conversiones": 232,
  "tasa_conversion": 16.033254156769598,
  "trafico_organico": null
}