{
  "usuarios": 1773,
  "sesiones": 2019,
  "paginas_vistas": 2515,
  "interaccion_media_seg": 79224,
  "rebote": 63.49678058444774,
  "conversiones": 645,
  "tasa_conversion": 14.016840019811788,
  "trafico_organico": null
}