{
  "usuarios": 4141,
  "sesiones": 4631,
  "paginas_vistas": 5186,
  "interaccion_media_seg": 170293,
  "rebote": 65.21269704167565,
  "conversiones": 1309,
  "tasa_conversion": 11.595767652774779,
  "trafico_organico": null
}