{
  "usuarios": 2876,
  "sesiones": 3225,
  "paginas_vistas": 3759,
  "interaccion_media_seg": 106867,
  "rebote": 66.07751937984496,
  "conversiones": 815,
  "tasa_conversion": 11.472868217054263,
  "trafico_organico": null
}