{
  "usuarios": 2878,
  "sesiones": 3133,
  "paginas_vistas": 3491,
  "interaccion_media_seg": 108769,
  "rebote": 58.41046919885095,
  "conversiones": 1398,
  "tasa_conversion": 17.012448132780083,
  "trafico_organico": null
}