{
  "usuarios": 4910,
  "sesiones": 5515,
  "paginas_vistas": 6027,
  "interaccion_media_seg": 206096,
  "rebote": 64.02538531278333,
  "conversiones": 1770,
  "tasa_conversion": 12.674524025385312,
  "trafico_organico": null
}