{
  "usuarios": 6044,
  "sesiones": 6651,
  "paginas_vistas": 7066,
  "interaccion_media_seg": 227565,
  "rebote": 62.441738084498574,
  "conversiones": 2257,
  "tasa_conversion": 13.787400390918659,
  "trafico_organico": null
}