{
  "usuarios": 2110,
  "sesiones": 2384,
  "paginas_vistas": 2877,
  "interaccion_media_seg": 86581,
  "rebote": 65.47818791946308,
  "conversiones": 688,
  "tasa_conversion": 13.003355704697986,
  "trafico_organico": null
}