{
  "usuarios": 2879,
  "sesiones": 3139,
  "paginas_vistas": 3490,
  "interaccion_media_seg": 108769,
  "rebote": 58.489964956992665,
  "conversiones": 1398,
  "tasa_conversion": 16.979929913985345,
  "trafico_organico": null
}