{
  "usuarios": 3286,
  "sesiones": 3684,
  "paginas_vistas": 4204,
  "interaccion_media_seg": 128660,
  "rebote": 65.66232356134635,
  "conversiones": 898,
  "tasa_conversion": 11.264929424538545,
  "trafico_organico": null
}