{
  "usuarios": 182,
  "sesiones": 228,
  "paginas_vistas": 363,
  "interaccion_media_seg": 2608,
  "rebote": 82.45614035087719,
  "conversiones": 3,
  "tasa_conversion": 0.8771929824561403,
  "trafico_organico": null
}