{
  "usuarios": 1464,
  "sesiones": 1585,
  "paginas_vistas": 1891,
  "interaccion_media_seg": 39479,
  "rebote": 60.12618296529968,
  "conversiones": 570,
  "tasa_conversion": 16.90851735015773,
  "trafico_organico": null
}