{
  "usuarios": 4348,
  "sesiones": 4830,
  "paginas_vistas": 5414,
  "interaccion_media_seg": 179385,
  "rebote": 64.22360248447205,
  "conversiones": 1427,
  "tasa_conversion": 12.111801242236025,
  "trafico_organico": null
}