{
  "usuarios": 1143,
  "sesiones": 1363,
  "paginas_vistas": 1826,
  "interaccion_media_seg": 61573,
  "rebote": 57.740278796771825,
  "conversiones": 549,
  "tasa_conversion": 17.02127659574468,
  "trafico_organico": null
}