{
  "usuarios": 1780,
  "sesiones": 2045,
  "paginas_vistas": 2532,
  "interaccion_media_seg": 80284,
  "rebote": 60.880195599022,
  "conversiones": 646,
  "tasa_conversion": 13.838630806845966,
  "trafico_organico": null
}