{
  "usuarios": 2097,
  "sesiones": 2368,
  "paginas_vistas": 2865,
  "interaccion_media_seg": 86445,
  "rebote": 65.24493243243244,
  "conversiones": 686,
  "tasa_conversion": 13.048986486486486,
  "trafico_organico": null
}