{
  "usuarios": 947,
  "sesiones": 1148,
  "paginas_vistas": 1594,
  "interaccion_media_seg": 54095,
  "rebote": 56.79442508710801,
  "conversiones": 483,
  "tasa_conversion": 18.031358885017422,
  "trafico_organico": null
}