{
  "usuarios": 178,
  "sesiones": 267,
  "paginas_vistas": 426,
  "interaccion_media_seg": 10438,
  "rebote": 43.07116104868914,
  "conversiones": 83,
  "tasa_conversion": 17.97752808988764,
  "trafico_organico": null
}