{
  "usuarios": 2238,
  "sesiones": 2405,
  "paginas_vistas": 2756,
  "interaccion_media_seg": 75468,
  "rebote": 57.5051975051975,
  "conversiones": 1027,
  "tasa_conversion": 17.87941787941788,
  "trafico_organico": null
}