{
  "usuarios": 1372,
  "sesiones": 1611,
  "paginas_vistas": 2081,
  "interaccion_media_seg": 73506,
  "rebote": 56.17628801986344,
  "conversiones": 599,
  "tasa_conversion": 15.64245810055866,
  "trafico_organico": null
}