{
  "usuarios": 4186,
  "sesiones": 4672,
  "paginas_vistas": 5242,
  "interaccion_media_seg": 170683,
  "rebote": 63.76284246575342,
  "conversiones": 1325,
  "tasa_conversion": 11.643835616438356,
  "trafico_organico": null
}