{
  "usuarios": 784,
  "sesiones": 980,
  "paginas_vistas": 1427,
  "interaccion_media_seg": 45581,
  "rebote": 55.10204081632652,
  "conversiones": 400,
  "tasa_conversion": 18.26530612244898,
  "trafico_organico": null
}