{
  "usuarios": 5342,
  "sesiones": 5804,
  "paginas_vistas": 6182,
  "interaccion_media_seg": 188830,
  "rebote": 62.9565816678153,
  "conversiones": 1852,
  "tasa_conversion": 13.059958649207443,
  "trafico_organico": null
}