{
  "usuarios": 4099,
  "sesiones": 4588,
  "paginas_vistas": 5126,
  "interaccion_media_seg": 168362,
  "rebote": 65.06102877070619,
  "conversiones": 1276,
  "tasa_conversion": 11.639058413251961,
  "trafico_organico": null
}