{
  "usuarios": 5141,
  "sesiones": 5819,
  "paginas_vistas": 6255,
  "interaccion_media_seg": 219645,
  "rebote": 63.37858738614882,
  "conversiones": 1987,
  "tasa_conversion": 13.215329094346107,
  "trafico_organico": null
}