{
  "usuarios": 161,
  "sesiones": 226,
  "paginas_vistas": 329,
  "interaccion_media_seg": 8574,
  "rebote": 45.57522123893805,
  "conversiones": 86,
  "tasa_conversion": 21.68141592920354,
  "trafico_organico": null
}