{
  "usuarios": 183,
  "sesiones": 279,
  "paginas_vistas": 486,
  "interaccion_media_seg": 12135,
  "rebote": 42.29390681003584,
  "conversiones": 83,
  "tasa_conversion": 17.20430107526882,
  "trafico_organico": null
}