{
  "usuarios": 6058,
  "sesiones": 6734,
  "paginas_vistas": 7113,
  "interaccion_media_seg": 231430,
  "rebote": 63.20166320166321,
  "conversiones": 2297,
  "tasa_conversion": 13.973863973863972,
  "trafico_organico": null
}