{
  "usuarios": 5241,
  "sesiones": 5871,
  "paginas_vistas": 6269,
  "interaccion_media_seg": 222095,
  "rebote": 61.55680463294158,
  "conversiones": 2108,
  "tasa_conversion": 13.677397376937488,
  "trafico_organico": null
}