{
  "usuarios": 4898,
  "sesiones": 5485,
  "paginas_vistas": 6015,
  "interaccion_media_seg": 204665,
  "rebote": 63.9380127620784,
  "conversiones": 1748,
  "tasa_conversion": 12.543299908842299,
  "trafico_organico": null
}