{
  "usuarios": 1713,
  "sesiones": 1855,
  "paginas_vistas": 2163,
  "interaccion_media_seg": 50349,
  "rebote": 58.97574123989219,
  "conversiones": 692,
  "tasa_conversion": 17.088948787061994,
  "trafico_organico": null
}