{
  "usuarios": 783,
  "sesiones": 979,
  "paginas_vistas": 1424,
  "interaccion_media_seg": 45510,
  "rebote": 55.158324821246175,
  "conversiones": 396,
  "tasa_conversion": 18.181818181818183,
  "trafico_organico": null
}