{
  "usuarios": 176,
  "sesiones": 263,
  "paginas_vistas": 519,
  "interaccion_media_seg": 12212,
  "rebote": 50.57034220532319,
  "conversiones": 50,
  "tasa_conversion": 11.787072243346007,
  "trafico_organico": null
}