{
  "usuarios": 3875,
  "sesiones": 4343,
  "paginas_vistas": 4885,
  "interaccion_media_seg": 153890,
  "rebote": 64.12618005986646,
  "conversiones": 1064,
  "tasa_conversion": 11.167395809348376,
  "trafico_organico": null
}