{
  "usuarios": 152,
  "sesiones": 185,
  "paginas_vistas": 252,
  "interaccion_media_seg": 1850,
  "rebote": 87.56756756756758,
  "conversiones": 1,
  "tasa_conversion": 0.5405405405405406,
  "trafico_organico": null
}