{
  "usuarios": 5543,
  "sesiones": 6189,
  "paginas_vistas": 6477,
  "interaccion_media_seg": 221870,
  "rebote": 63.14428825335272,
  "conversiones": 2187,
  "tasa_conversion": 13.86330586524479,
  "trafico_organico": null
}