{
  "usuarios": 5038,
  "sesiones": 5689,
  "paginas_vistas": 6167,
  "interaccion_media_seg": 212542,
  "rebote": 63.104236245385835,
  "conversiones": 1876,
  "tasa_conversion": 12.90209175602039,
  "trafico_organico": null
}