{
  "usuarios": 5237,
  "sesiones": 5838,
  "paginas_vistas": 6256,
  "interaccion_media_seg": 221687,
  "rebote": 61.93902021240151,
  "conversiones": 2096,
  "tasa_conversion": 13.720452209660843,
  "trafico_organico": null
}