{
  "usuarios": 1709,
  "sesiones": 1851,
  "paginas_vistas": 2159,
  "interaccion_media_seg": 50349,
  "rebote": 58.9411129119395,
  "conversiones": 692,
  "tasa_conversion": 17.125877903835764,
  "trafico_organico": null
}