{
  "usuarios": 4492,
  "sesiones": 5023,
  "paginas_vistas": 5597,
  "interaccion_media_seg": 188885,
  "rebote": 63.14951224367908,
  "conversiones": 1590,
  "tasa_conversion": 12.422854867608999,
  "trafico_organico": null
}