{
  "usuarios": 2613,
  "sesiones": 2893,
  "paginas_vistas": 3431,
  "interaccion_media_seg": 96242,
  "rebote": 68.26823366747321,
  "conversiones": 773,
  "tasa_conversion": 12.063601797442102,
  "trafico_organico": null
}