{
  "usuarios": 301,
  "sesiones": 358,
  "paginas_vistas": 486,
  "interaccion_media_seg": 8559,
  "rebote": 69.27374301675978,
  "conversiones": 72,
  "tasa_conversion": 14.52513966480447,
  "trafico_organico": null
}