{
  "usuarios": 422,
  "sesiones": 484,
  "paginas_vistas": 617,
  "interaccion_media_seg": 12564,
  "rebote": 64.46280991735537,
  "conversiones": 136,
  "tasa_conversion": 17.56198347107438,
  "trafico_organico": null
}