{
  "usuarios": 192,
  "sesiones": 295,
  "paginas_vistas": 553,
  "interaccion_media_seg": 13501,
  "rebote": 40.67796610169492,
  "conversiones": 85,
  "tasa_conversion": 16.94915254237288,
  "trafico_organico": null
}