{
  "usuarios": 166,
  "sesiones": 247,
  "paginas_vistas": 499,
  "interaccion_media_seg": 11260,
  "rebote": 56.2753036437247,
  "conversiones": 39,
  "tasa_conversion": 10.526315789473683,
  "trafico_organico": null
}