{
  "usuarios": 176,
  "sesiones": 243,
  "paginas_vistas": 349,
  "interaccion_media_seg": 8661,
  "rebote": 43.20987654320987,
  "conversiones": 92,
  "tasa_conversion": 22.633744855967077,
  "trafico_organico": null
}