{
  "usuarios": 178,
  "sesiones": 271,
  "paginas_vistas": 542,
  "interaccion_media_seg": 13608,
  "rebote": 51.291512915129154,
  "conversiones": 68,
  "tasa_conversion": 14.022140221402212,
  "trafico_organico": null
}