{
  "usuarios": 186,
  "sesiones": 260,
  "paginas_vistas": 370,
  "interaccion_media_seg": 8375,
  "rebote": 43.46153846153846,
  "conversiones": 90,
  "tasa_conversion": 20.76923076923077,
  "trafico_organico": null
}