{
  "usuarios": 4911,
  "sesiones": 5517,
  "paginas_vistas": 6028,
  "interaccion_media_seg": 206219,
  "rebote": 64.00217509516042,
  "conversiones": 1772,
  "tasa_conversion": 12.706180895414173,
  "trafico_organico": null
}