{
  "usuarios": 3492,
  "sesiones": 3903,
  "paginas_vistas": 4449,
  "interaccion_media_seg": 137077,
  "rebote": 63.92518575454778,
  "conversiones": 945,
  "tasa_conversion": 11.196515500896746,
  "trafico_organico": null
}