{
  "usuarios": 5625,
  "sesiones": 6294,
  "paginas_vistas": 6587,
  "interaccion_media_seg": 223036,
  "rebote": 62.37686685732443,
  "conversiones": 2205,
  "tasa_conversion": 13.870352716873214,
  "trafico_organico": null
}