{
  "usuarios": 4666,
  "sesiones": 5207,
  "paginas_vistas": 5770,
  "interaccion_media_seg": 194965,
  "rebote": 63.99078164009987,
  "conversiones": 1646,
  "tasa_conversion": 12.502400614557327,
  "trafico_organico": null
}