{
  "usuarios": 155,
  "sesiones": 190,
  "paginas_vistas": 259,
  "interaccion_media_seg": 1985,
  "rebote": 87.36842105263159,
  "conversiones": 1,
  "tasa_conversion": 0.5263157894736842,
  "trafico_organico": null
}