{
  "usuarios": 199,
  "sesiones": 266,
  "paginas_vistas": 404,
  "interaccion_media_seg": 8520,
  "rebote": 53.00751879699248,
  "conversiones": 87,
  "tasa_conversion": 20.676691729323306,
  "trafico_organico": null
}