{
  "usuarios": 4691,
  "sesiones": 5237,
  "paginas_vistas": 5793,
  "interaccion_media_seg": 195911,
  "rebote": 64.17796448348291,
  "conversiones": 1647,
  "tasa_conversion": 12.449875883139201,
  "trafico_organico": null
}