{
  "usuarios": 5249,
  "sesiones": 5882,
  "paginas_vistas": 6284,
  "interaccion_media_seg": 222331,
  "rebote": 61.57769466167971,
  "conversiones": 2115,
  "tasa_conversion": 13.702822169330158,
  "trafico_organico": null
}