{
  "usuarios": 163,
  "sesiones": 193,
  "paginas_vistas": 222,
  "interaccion_media_seg": 1650,
  "rebote": 87.56476683937824,
  "conversiones": 2,
  "tasa_conversion": 1.0362694300518136,
  "trafico_organico": null
}