{
  "usuarios": 157,
  "sesiones": 189,
  "paginas_vistas": 265,
  "interaccion_media_seg": 1892,
  "rebote": 88.35978835978835,
  "conversiones": 1,
  "tasa_conversion": 0.5291005291005291,
  "trafico_organico": null
}