{
  "usuarios": 175,
  "sesiones": 263,
  "paginas_vistas": 434,
  "interaccion_media_seg": 10299,
  "rebote": 42.20532319391635,
  "conversiones": 83,
  "tasa_conversion": 18.250950570342205,
  "trafico_organico": null
}