{
  "usuarios": 5987,
  "sesiones": 6576,
  "paginas_vistas": 6978,
  "interaccion_media_seg": 225702,
  "rebote": 62.621654501216554,
  "conversiones": 2230,
  "tasa_conversion": 13.670924574209245,
  "trafico_organico": null
}