{
  "usuarios": 161,
  "sesiones": 193,
  "paginas_vistas": 261,
  "interaccion_media_seg": 1934,
  "rebote": 87.04663212435233,
  "conversiones": 1,
  "tasa_conversion": 0.5181347150259068,
  "trafico_organico": null
}