{
  "usuarios": 3360,
  "sesiones": 3757,
  "paginas_vistas": 4290,
  "interaccion_media_seg": 131015,
  "rebote": 66.03673143465531,
  "conversiones": 918,
  "tasa_conversion": 11.312217194570136,
  "trafico_organico": null
}