{
  "usuarios": 4114,
  "sesiones": 4612,
  "paginas_vistas": 5154,
  "interaccion_media_seg": 169303,
  "rebote": 65.13443191673895,
  "conversiones": 1289,
  "tasa_conversion": 11.621856027753687,
  "trafico_organico": null
}