{
  "usuarios": 3030,
  "sesiones": 3379,
  "paginas_vistas": 3917,
  "interaccion_media_seg": 117781,
  "rebote": 67.03166617342409,
  "conversiones": 854,
  "tasa_conversion": 11.60106540396567,
  "trafico_organico": null
}