{
  "usuarios": 1473,
  "sesiones": 1594,
  "paginas_vistas": 1901,
  "interaccion_media_seg": 39479,
  "rebote": 60.35131744040151,
  "conversiones": 570,
  "tasa_conversion": 16.813048933500628,
  "trafico_organico": null
}