{
  "usuarios": 4957,
  "sesiones": 5387,
  "paginas_vistas": 5823,
  "interaccion_media_seg": 172128,
  "rebote": 62.817894932244286,
  "conversiones": 1744,
  "tasa_conversion": 13.291256729162798,
  "trafico_organico": null
}