{
  "usuarios": 5986,
  "sesiones": 6572,
  "paginas_vistas": 6976,
  "interaccion_media_seg": 225702,
  "rebote": 62.59890444309191,
  "conversiones": 2230,
  "tasa_conversion": 13.679245283018867,
  "trafico_organico": null
}