{
  "usuarios": 160,
  "sesiones": 192,
  "paginas_vistas": 260,
  "interaccion_media_seg": 1934,
  "rebote": 86.97916666666666,
  "conversiones": 1,
  "tasa_conversion": 0.5208333333333333,
  "trafico_organico": null
}