{
  "usuarios": 1768,
  "sesiones": 2015,
  "paginas_vistas": 2507,
  "interaccion_media_seg": 79209,
  "rebote": 63.52357320099256,
  "conversiones": 645,
  "tasa_conversion": 14.044665012406949,
  "trafico_organico": null
}