{
  "usuarios": 157,
  "sesiones": 188,
  "paginas_vistas": 217,
  "interaccion_media_seg": 2414,
  "rebote": 86.17021276595744,
  "conversiones": 2,
  "tasa_conversion": 1.0638297872340425,
  "trafico_organico": null
}