{
  "usuarios": 162,
  "sesiones": 243,
  "paginas_vistas": 494,
  "interaccion_media_seg": 11238,
  "rebote": 55.55555555555556,
  "conversiones": 43,
  "tasa_conversion": 11.934156378600823,
  "trafico_organico": null
}