{
  "usuarios": 5249,
  "sesiones": 5871,
  "paginas_vistas": 6258,
  "interaccion_media_seg": 221135,
  "rebote": 61.59087037983307,
  "conversiones": 2118,
  "tasa_conversion": 13.762561744166241,
  "trafico_organico": null
}