{
  "usuarios": 1780,
  "sesiones": 2044,
  "paginas_vistas": 2531,
  "interaccion_media_seg": 80284,
  "rebote": 60.861056751467714,
  "conversiones": 646,
  "tasa_conversion": 13.845401174168298,
  "trafico_organico": null
}