{
  "usuarios": 3154,
  "sesiones": 3531,
  "paginas_vistas": 4063,
  "interaccion_media_seg": 123851,
  "rebote": 68.02605494194279,
  "conversiones": 876,
  "tasa_conversion": 11.441517983574059,
  "trafico_organico": null
}