{
  "usuarios": 122,
  "sesiones": 194,
  "paginas_vistas": 443,
  "duracion_media_seg": 492.59435437628866,
  "rebote": 0.5927835051546392,
  "conversiones": 21,
  "tasa_conversion": 0.07216494845360824,
  "trafico_organico": null
}