{
  "usuarios": 2530,
  "sesiones": 2719,
  "paginas_vistas": 3092,
  "interaccion_media_seg": 92031,
  "rebote": 57.668260389849216,
  "conversiones": 1280,
  "tasa_conversion": 17.837440235380654,
  "trafico_organico": null
}