{
  "usuarios": 160,
  "sesiones": 193,
  "paginas_vistas": 221,
  "interaccion_media_seg": 2102,
  "rebote": 88.60103626943005,
  "conversiones": 2,
  "tasa_conversion": 1.0362694300518136,
  "trafico_organico": null
}