{
  "usuarios": 4463,
  "sesiones": 4992,
  "paginas_vistas": 5564,
  "interaccion_media_seg": 188208,
  "rebote": 63.020833333333336,
  "conversiones": 1580,
  "tasa_conversion": 12.399839743589745,
  "trafico_organico": null
}