{
  "usuarios": 4138,
  "sesiones": 4630,
  "paginas_vistas": 5183,
  "interaccion_media_seg": 170280,
  "rebote": 65.20518358531318,
  "conversiones": 1308,
  "tasa_conversion": 11.598272138228943,
  "trafico_organico": null
}