{
  "usuarios": 170,
  "sesiones": 257,
  "paginas_vistas": 423,
  "interaccion_media_seg": 10174,
  "rebote": 42.4124513618677,
  "conversiones": 83,
  "tasa_conversion": 18.67704280155642,
  "trafico_organico": null
}