{
  "usuarios": 320,
  "sesiones": 385,
  "paginas_vistas": 528,
  "interaccion_media_seg": 9400,
  "rebote": 64.67532467532467,
  "conversiones": 84,
  "tasa_conversion": 15.844155844155845,
  "trafico_organico": null
}