{
  "usuarios": 1375,
  "sesiones": 1616,
  "paginas_vistas": 2088,
  "interaccion_media_seg": 73506,
  "rebote": 56.311881188118804,
  "conversiones": 599,
  "tasa_conversion": 15.594059405940595,
  "trafico_organico": null
}