{
  "usuarios": 3004,
  "sesiones": 3352,
  "paginas_vistas": 3889,
  "interaccion_media_seg": 114461,
  "rebote": 66.82577565632458,
  "conversiones": 850,
  "tasa_conversion": 11.634844868735083,
  "trafico_organico": null
}