{
  "usuarios": 5237,
  "sesiones": 5859,
  "paginas_vistas": 6225,
  "interaccion_media_seg": 220381,
  "rebote": 61.648745519713266,
  "conversiones": 2115,
  "tasa_conversion": 13.756613756613756,
  "trafico_organico": null
}