{
  "usuarios": 4133,
  "sesiones": 4625,
  "paginas_vistas": 5176,
  "interaccion_media_seg": 169832,
  "rebote": 65.16756756756756,
  "conversiones": 1306,
  "tasa_conversion": 11.610810810810811,
  "trafico_organico": null
}