{
  "usuarios": 183,
  "sesiones": 277,
  "paginas_vistas": 478,
  "interaccion_media_seg": 11889,
  "rebote": 41.87725631768953,
  "conversiones": 83,
  "tasa_conversion": 17.328519855595665,
  "trafico_organico": null
}