{
  "usuarios": 3709,
  "sesiones": 4016,
  "paginas_vistas": 4413,
  "interaccion_media_seg": 148103,
  "rebote": 59.33764940239043,
  "conversiones": 1557,
  "tasa_conversion": 15.313745019920319,
  "trafico_organico": null
}