{
  "usuarios": 1023,
  "sesiones": 1234,
  "paginas_vistas": 1689,
  "interaccion_media_seg": 56449,
  "rebote": 58.91410048622367,
  "conversiones": 496,
  "tasa_conversion": 17.3419773095624,
  "trafico_organico": null
}