{
  "usuarios": 4966,
  "sesiones": 5605,
  "paginas_vistas": 6092,
  "interaccion_media_seg": 208780,
  "rebote": 62.85459411239964,
  "conversiones": 1820,
  "tasa_conversion": 12.756467439785906,
  "trafico_organico": null
}