{
  "usuarios": 4663,
  "sesiones": 5113,
  "paginas_vistas": 5482,
  "interaccion_media_seg": 169803,
  "rebote": 62.350870330530014,
  "conversiones": 1712,
  "tasa_conversion": 13.61236064932525,
  "trafico_organico": null
}