{
  "usuarios": 5650,
  "sesiones": 6318,
  "paginas_vistas": 6616,
  "interaccion_media_seg": 223461,
  "rebote": 62.503956948401395,
  "conversiones": 2206,
  "tasa_conversion": 13.833491611269388,
  "trafico_organico": null
}