{
  "usuarios": 6046,
  "sesiones": 6677,
  "paginas_vistas": 7083,
  "interaccion_media_seg": 229593,
  "rebote": 62.27347611202636,
  "conversiones": 2272,
  "tasa_conversion": 13.883480605062154,
  "trafico_organico": null
}