{
  "usuarios": 176,
  "sesiones": 239,
  "paginas_vistas": 371,
  "interaccion_media_seg": 8317,
  "rebote": 53.13807531380753,
  "conversiones": 82,
  "tasa_conversion": 20.920502092050206,
  "trafico_organico": null
}