{
  "usuarios": 5146,
  "sesiones": 5823,
  "paginas_vistas": 6260,
  "interaccion_media_seg": 219860,
  "rebote": 63.38657049630775,
  "conversiones": 1987,
  "tasa_conversion": 13.2062510733299,
  "trafico_organico": null
}