{
  "usuarios": 5118,
  "sesiones": 5795,
  "paginas_vistas": 6257,
  "interaccion_media_seg": 218374,
  "rebote": 63.3304572907679,
  "conversiones": 1961,
  "tasa_conversion": 13.149266609145815,
  "trafico_organico": null
}