{
  "usuarios": 3066,
  "sesiones": 3416,
  "paginas_vistas": 3961,
  "interaccion_media_seg": 119546,
  "rebote": 67.21311475409836,
  "conversiones": 861,
  "tasa_conversion": 11.621779859484779,
  "trafico_organico": null
}