{
  "usuarios": 155,
  "sesiones": 216,
  "paginas_vistas": 342,
  "interaccion_media_seg": 8050,
  "rebote": 48.61111111111111,
  "conversiones": 80,
  "tasa_conversion": 22.22222222222222,
  "trafico_organico": null
}