{
  "usuarios": 958,
  "sesiones": 1162,
  "paginas_vistas": 1613,
  "interaccion_media_seg": 54725,
  "rebote": 57.056798623063685,
  "conversiones": 486,
  "tasa_conversion": 17.900172117039588,
  "trafico_organico": null
}