{
  "usuarios": 5190,
  "sesiones": 5624,
  "paginas_vistas": 6010,
  "interaccion_media_seg": 183114,
  "rebote": 62.96230440967283,
  "conversiones": 1791,
  "tasa_conversion": 13.104551920341395,
  "trafico_organico": null
}