{
  "usuarios": 194,
  "sesiones": 286,
  "paginas_vistas": 542,
  "interaccion_media_seg": 13020,
  "rebote": 53.14685314685315,
  "conversiones": 64,
  "tasa_conversion": 12.587412587412588,
  "trafico_organico": null
}