{
  "usuarios": 6014,
  "sesiones": 6604,
  "paginas_vistas": 7014,
  "interaccion_media_seg": 225901,
  "rebote": 62.568140520896435,
  "conversiones": 2240,
  "tasa_conversion": 13.734100545124168,
  "trafico_organico": null
}