{
  "usuarios": 157,
  "sesiones": 190,
  "paginas_vistas": 257,
  "interaccion_media_seg": 1850,
  "rebote": 87.89473684210526,
  "conversiones": 1,
  "tasa_conversion": 0.5263157894736842,
  "trafico_organico": null
}