{
  "usuarios": 3254,
  "sesiones": 3501,
  "paginas_vistas": 3904,
  "interaccion_media_seg": 124685,
  "rebote": 58.24050271351042,
  "conversiones": 1474,
  "tasa_conversion": 16.28106255355613,
  "trafico_organico": null
}