{
  "usuarios": 1475,
  "sesiones": 1596,
  "paginas_vistas": 1908,
  "interaccion_media_seg": 39479,
  "rebote": 60.40100250626567,
  "conversiones": 570,
  "tasa_conversion": 16.791979949874687,
  "trafico_organico": null
}