{
  "usuarios": 5238,
  "sesiones": 5840,
  "paginas_vistas": 6259,
  "interaccion_media_seg": 221693,
  "rebote": 61.917808219178085,
  "conversiones": 2099,
  "tasa_conversion": 13.732876712328768,
  "trafico_organico": null
}