{
  "usuarios": 5909,
  "sesiones": 6469,
  "paginas_vistas": 6837,
  "interaccion_media_seg": 223414,
  "rebote": 62.66810944504561,
  "conversiones": 2208,
  "tasa_conversion": 13.603339001391252,
  "trafico_organico": null
}