{
  "usuarios": 176,
  "sesiones": 267,
  "paginas_vistas": 536,
  "interaccion_media_seg": 13587,
  "rebote": 51.31086142322098,
  "conversiones": 67,
  "tasa_conversion": 13.857677902621724,
  "trafico_organico": null
}