{
  "usuarios": 175,
  "sesiones": 241,
  "paginas_vistas": 347,
  "interaccion_media_seg": 8661,
  "rebote": 43.15352697095436,
  "conversiones": 91,
  "tasa_conversion": 22.40663900414938,
  "trafico_organico": null
}