{
  "usuarios": 703,
  "sesiones": 891,
  "paginas_vistas": 1339,
  "interaccion_media_seg": 34298,
  "rebote": 54.20875420875421,
  "conversiones": 322,
  "tasa_conversion": 16.273849607182942,
  "trafico_organico": null
}