{
  "usuarios": 170,
  "sesiones": 260,
  "paginas_vistas": 526,
  "interaccion_media_seg": 13402,
  "rebote": 50.38461538461539,
  "conversiones": 65,
  "tasa_conversion": 13.846153846153847,
  "trafico_organico": null
}