{
  "usuarios": 6043,
  "sesiones": 6659,
  "paginas_vistas": 7100,
  "interaccion_media_seg": 228703,
  "rebote": 62.38173899984982,
  "conversiones": 2257,
  "tasa_conversion": 13.770836461931221,
  "trafico_organico": null
}