{
  "usuarios": 182,
  "sesiones": 237,
  "paginas_vistas": 374,
  "interaccion_media_seg": 7020,
  "rebote": 57.383966244725734,
  "conversiones": 63,
  "tasa_conversion": 19.40928270042194,
  "trafico_organico": null
}