{
  "usuarios": 167,
  "sesiones": 257,
  "paginas_vistas": 517,
  "interaccion_media_seg": 13223,
  "rebote": 49.80544747081712,
  "conversiones": 64,
  "tasa_conversion": 14.007782101167315,
  "trafico_organico": null
}