{
  "usuarios": 161,
  "sesiones": 192,
  "paginas_vistas": 220,
  "interaccion_media_seg": 2420,
  "rebote": 86.45833333333334,
  "conversiones": 2,
  "tasa_conversion": 1.0416666666666665,
  "trafico_organico": null
}