{
  "usuarios": 186,
  "sesiones": 283,
  "paginas_vistas": 540,
  "interaccion_media_seg": 13044,
  "rebote": 44.87632508833922,
  "conversiones": 80,
  "tasa_conversion": 16.607773851590103,
  "trafico_organico": null
}