{
  "usuarios": 150,
  "sesiones": 214,
  "paginas_vistas": 316,
  "interaccion_media_seg": 8266,
  "rebote": 43.925233644859816,
  "conversiones": 81,
  "tasa_conversion": 21.49532710280374,
  "trafico_organico": null
}