{
  "usuarios": 4669,
  "sesiones": 5214,
  "paginas_vistas": 5774,
  "interaccion_media_seg": 194978,
  "rebote": 64.0391254315305,
  "conversiones": 1646,
  "tasa_conversion": 12.485615650172614,
  "trafico_organico": null
}