{
  "usuarios": 5638,
  "sesiones": 6150,
  "paginas_vistas": 6507,
  "interaccion_media_seg": 214989,
  "rebote": 62.55284552845528,
  "conversiones": 2106,
  "tasa_conversion": 13.528455284552846,
  "trafico_organico": null
}