{
  "usuarios": 3685,
  "sesiones": 4113,
  "paginas_vistas": 4649,
  "interaccion_media_seg": 142454,
  "rebote": 65.35375638220277,
  "conversiones": 996,
  "tasa_conversion": 11.11111111111111,
  "trafico_organico": null
}