{
  "usuarios": 5170,
  "sesiones": 5790,
  "paginas_vistas": 6294,
  "interaccion_media_seg": 219780,
  "rebote": 61.72711571675302,
  "conversiones": 2033,
  "tasa_conversion": 13.350604490500864,
  "trafico_organico": null
}