{
  "usuarios": 5237,
  "sesiones": 5838,
  "paginas_vistas": 6257,
  "interaccion_media_seg": 221693,
  "rebote": 61.9218910585817,
  "conversiones": 2097,
  "tasa_conversion": 13.720452209660843,
  "trafico_organico": null
}