{
  "usuarios": 5191,
  "sesiones": 5624,
  "paginas_vistas": 6027,
  "interaccion_media_seg": 183310,
  "rebote": 62.944523470839265,
  "conversiones": 1791,
  "tasa_conversion": 13.104551920341395,
  "trafico_organico": null
}