{
  "usuarios": 4213,
  "sesiones": 4699,
  "paginas_vistas": 5270,
  "interaccion_media_seg": 171149,
  "rebote": 63.8433709299851,
  "conversiones": 1339,
  "tasa_conversion": 11.747180251117259,
  "trafico_organico": null
}