{
  "usuarios": 156,
  "sesiones": 221,
  "paginas_vistas": 325,
  "interaccion_media_seg": 8520,
  "rebote": 44.34389140271493,
  "conversiones": 86,
  "tasa_conversion": 22.171945701357465,
  "trafico_organico": null
}