{
  "usuarios": 1102,
  "sesiones": 1199,
  "paginas_vistas": 1477,
  "interaccion_media_seg": 18857,
  "rebote": 65.47122602168474,
  "conversiones": 226,
  "tasa_conversion": 13.344453711426189,
  "trafico_organico": null
}