{
  "usuarios": 1005,
  "sesiones": 1212,
  "paginas_vistas": 1667,
  "interaccion_media_seg": 55774,
  "rebote": 58.4983498349835,
  "conversiones": 493,
  "tasa_conversion": 17.40924092409241,
  "trafico_organico": null
}