{
  "usuarios": 5757,
  "sesiones": 6284,
  "paginas_vistas": 6650,
  "interaccion_media_seg": 221133,
  "rebote": 62.31699554423934,
  "conversiones": 2187,
  "tasa_conversion": 13.796944621260343,
  "trafico_organico": null
}