{
  "usuarios": 5841,
  "sesiones": 6543,
  "paginas_vistas": 6845,
  "interaccion_media_seg": 226906,
  "rebote": 63.22787712058688,
  "conversiones": 2252,
  "tasa_conversion": 13.892709766162312,
  "trafico_organico": null
}