{
  "usuarios": 4453,
  "sesiones": 4932,
  "paginas_vistas": 5543,
  "interaccion_media_seg": 187654,
  "rebote": 64.4566098945661,
  "conversiones": 1561,
  "tasa_conversion": 12.449310624493107,
  "trafico_organico": null
}