{
  "usuarios": 3836,
  "sesiones": 4290,
  "paginas_vistas": 4829,
  "interaccion_media_seg": 151791,
  "rebote": 66.17715617715618,
  "conversiones": 1055,
  "tasa_conversion": 11.235431235431236,
  "trafico_organico": null
}