{
  "usuarios": 3148,
  "sesiones": 3523,
  "paginas_vistas": 4054,
  "interaccion_media_seg": 123701,
  "rebote": 67.9818336644905,
  "conversiones": 872,
  "tasa_conversion": 11.439114391143912,
  "trafico_organico": null
}