{
  "usuarios": 3192,
  "sesiones": 3570,
  "paginas_vistas": 4104,
  "interaccion_media_seg": 125019,
  "rebote": 68.34733893557423,
  "conversiones": 877,
  "tasa_conversion": 11.344537815126051,
  "trafico_organico": null
}