{
  "usuarios": 2392,
  "sesiones": 2664,
  "paginas_vistas": 3186,
  "interaccion_media_seg": 91440,
  "rebote": 66.47897897897897,
  "conversiones": 716,
  "tasa_conversion": 12.162162162162163,
  "trafico_organico": null
}