{
  "usuarios": 1160,
  "sesiones": 1391,
  "paginas_vistas": 1857,
  "interaccion_media_seg": 61854,
  "rebote": 55.21207764198418,
  "conversiones": 556,
  "tasa_conversion": 16.750539180445724,
  "trafico_organico": null
}