{
  "usuarios": 1137,
  "sesiones": 1358,
  "paginas_vistas": 1820,
  "interaccion_media_seg": 61572,
  "rebote": 57.65832106038291,
  "conversiones": 547,
  "tasa_conversion": 17.010309278350515,
  "trafico_organico": null
}