{
  "usuarios": 153,
  "sesiones": 186,
  "paginas_vistas": 255,
  "interaccion_media_seg": 2007,
  "rebote": 86.55913978494624,
  "conversiones": 1,
  "tasa_conversion": 0.5376344086021506,
  "trafico_organico": null
}