{
  "usuarios": 5554,
  "sesiones": 6195,
  "paginas_vistas": 6493,
  "interaccion_media_seg": 222004,
  "rebote": 63.115415657788546,
  "conversiones": 2188,
  "tasa_conversion": 13.866020984665054,
  "trafico_organico": null
}