{
  "usuarios": 6061,
  "sesiones": 6734,
  "paginas_vistas": 7160,
  "interaccion_media_seg": 230361,
  "rebote": 62.50371250371251,
  "conversiones": 2273,
  "tasa_conversion": 13.78081378081378,
  "trafico_organico": null
}