{
  "usuarios": 1109,
  "sesiones": 1207,
  "paginas_vistas": 1484,
  "interaccion_media_seg": 18857,
  "rebote": 65.70008285004143,
  "conversiones": 226,
  "tasa_conversion": 13.256006628003314,
  "trafico_organico": null
}