{
  "usuarios": 159,
  "sesiones": 220,
  "paginas_vistas": 345,
  "interaccion_media_seg": 8147,
  "rebote": 49.54545454545455,
  "conversiones": 80,
  "tasa_conversion": 21.818181818181817,
  "trafico_organico": null
}