{
  "usuarios": 2242,
  "sesiones": 2409,
  "paginas_vistas": 2760,
  "interaccion_media_seg": 75468,
  "rebote": 57.57575757575758,
  "conversiones": 1027,
  "tasa_conversion": 17.849730178497303,
  "trafico_organico": null
}