{
  "usuarios": 299,
  "sesiones": 355,
  "paginas_vistas": 483,
  "interaccion_media_seg": 8556,
  "rebote": 69.01408450704226,
  "conversiones": 72,
  "tasa_conversion": 14.647887323943662,
  "trafico_organico": null
}