{
  "usuarios": 3850,
  "sesiones": 4304,
  "paginas_vistas": 4858,
  "interaccion_media_seg": 153769,
  "rebote": 63.801115241635685,
  "conversiones": 1063,
  "tasa_conversion": 11.245353159851302,
  "trafico_organico": null
}