{
  "usuarios": 1711,
  "sesiones": 1853,
  "paginas_vistas": 2161,
  "interaccion_media_seg": 50349,
  "rebote": 58.93146249325418,
  "conversiones": 692,
  "tasa_conversion": 17.10739341608203,
  "trafico_organico": null
}