{
  "usuarios": 1373,
  "sesiones": 1612,
  "paginas_vistas": 2082,
  "interaccion_media_seg": 73506,
  "rebote": 56.203473945409435,
  "conversiones": 599,
  "tasa_conversion": 15.632754342431761,
  "trafico_organico": null
}