{
  "usuarios": 158,
  "sesiones": 188,
  "paginas_vistas": 234,
  "interaccion_media_seg": 1797,
  "rebote": 88.82978723404256,
  "conversiones": 2,
  "tasa_conversion": 1.0638297872340425,
  "trafico_organico": null
}