{
  "usuarios": 6052,
  "sesiones": 6723,
  "paginas_vistas": 7135,
  "interaccion_media_seg": 230192,
  "rebote": 62.45723635281868,
  "conversiones": 2272,
  "tasa_conversion": 13.788487282463185,
  "trafico_organico": null
}