{
  "usuarios": 6047,
  "sesiones": 6668,
  "paginas_vistas": 7133,
  "interaccion_media_seg": 229701,
  "rebote": 62.327534493101375,
  "conversiones": 2261,
  "tasa_conversion": 13.782243551289742,
  "trafico_organico": null
}