{
  "usuarios": 2661,
  "sesiones": 2944,
  "paginas_vistas": 3489,
  "interaccion_media_seg": 98362,
  "rebote": 68.64809782608695,
  "conversiones": 779,
  "tasa_conversion": 11.956521739130435,
  "trafico_organico": null
}