{
  "usuarios": 122,
  "sesiones": 194,
  "paginas_vistas": 444,
  "interaccion_media_seg": 9886,
  "rebote": 58.76288659793815,
  "conversiones": 21,
  "tasa_conversion": 7.216494845360824,
  "trafico_organico": null
}