{
  "usuarios": 4462,
  "sesiones": 4992,
  "paginas_vistas": 5564,
  "interaccion_media_seg": 188083,
  "rebote": 63.020833333333336,
  "conversiones": 1579,
  "tasa_conversion": 12.379807692307693,
  "trafico_organico": null
}