{
  "usuarios": 4449,
  "sesiones": 4932,
  "paginas_vistas": 5538,
  "interaccion_media_seg": 187359,
  "rebote": 64.4566098945661,
  "conversiones": 1560,
  "tasa_conversion": 12.449310624493107,
  "trafico_organico": null
}