{
  "usuarios": 190,
  "sesiones": 245,
  "paginas_vistas": 385,
  "interaccion_media_seg": 7187,
  "rebote": 57.95918367346938,
  "conversiones": 64,
  "tasa_conversion": 19.183673469387756,
  "trafico_organico": null
}