{
  "usuarios": 191,
  "sesiones": 293,
  "paginas_vistas": 548,
  "interaccion_media_seg": 13168,
  "rebote": 40.27303754266212,
  "conversiones": 83,
  "tasa_conversion": 17.064846416382252,
  "trafico_organico": null
}