{
  "usuarios": 3927,
  "sesiones": 4408,
  "paginas_vistas": 4942,
  "interaccion_media_seg": 154808,
  "rebote": 64.54174228675136,
  "conversiones": 1076,
  "tasa_conversion": 11.229582577132486,
  "trafico_organico": null
}