{
  "usuarios": 5344,
  "sesiones": 5811,
  "paginas_vistas": 6185,
  "interaccion_media_seg": 188834,
  "rebote": 63.00120461194286,
  "conversiones": 1852,
  "tasa_conversion": 13.044226467045258,
  "trafico_organico": null
}