{
  "usuarios": 189,
  "sesiones": 287,
  "paginas_vistas": 543,
  "interaccion_media_seg": 13066,
  "rebote": 45.64459930313589,
  "conversiones": 80,
  "tasa_conversion": 16.376306620209057,
  "trafico_organico": null
}