{
  "usuarios": 1111,
  "sesiones": 1216,
  "paginas_vistas": 1502,
  "interaccion_media_seg": 19108,
  "rebote": 65.21381578947368,
  "conversiones": 234,
  "tasa_conversion": 13.486842105263158,
  "trafico_organico": null
}