{
  "usuarios": 2291,
  "sesiones": 2573,
  "paginas_vistas": 3072,
  "interaccion_media_seg": 90139,
  "rebote": 67.70307034589973,
  "conversiones": 702,
  "tasa_conversion": 12.475709288767975,
  "trafico_organico": null
}