{
  "usuarios": 1207,
  "sesiones": 1317,
  "paginas_vistas": 1611,
  "interaccion_media_seg": 26108,
  "rebote": 63.173880030372054,
  "conversiones": 346,
  "tasa_conversion": 14.958238420653,
  "trafico_organico": null
}