{
  "usuarios": 5674,
  "sesiones": 6347,
  "paginas_vistas": 6651,
  "interaccion_media_seg": 223880,
  "rebote": 62.596502284543874,
  "conversiones": 2209,
  "tasa_conversion": 13.817551599180716,
  "trafico_organico": null
}