{
  "usuarios": 1113,
  "sesiones": 1333,
  "paginas_vistas": 1795,
  "interaccion_media_seg": 61376,
  "rebote": 56.939234808702174,
  "conversiones": 544,
  "tasa_conversion": 17.254313578394598,
  "trafico_organico": null
}