{
  "usuarios": 1040,
  "sesiones": 1252,
  "paginas_vistas": 1706,
  "interaccion_media_seg": 56978,
  "rebote": 59.105431309904155,
  "conversiones": 512,
  "tasa_conversion": 17.412140575079874,
  "trafico_organico": null
}