{
  "usuarios": 6014,
  "sesiones": 6599,
  "paginas_vistas": 7014,
  "interaccion_media_seg": 225806,
  "rebote": 62.570086376723744,
  "conversiones": 2240,
  "tasa_conversion": 13.744506743445978,
  "trafico_organico": null
}