{
  "usuarios": 5554,
  "sesiones": 6195,
  "paginas_vistas": 6492,
  "interaccion_media_seg": 221997,
  "rebote": 63.13155770782889,
  "conversiones": 2188,
  "tasa_conversion": 13.866020984665054,
  "trafico_organico": null
}