{
  "usuarios": 2785,
  "sesiones": 3097,
  "paginas_vistas": 3637,
  "interaccion_media_seg": 103620,
  "rebote": 69.87407168227317,
  "conversiones": 803,
  "tasa_conversion": 11.72102034226671,
  "trafico_organico": null
}