{
  "usuarios": 2322,
  "sesiones": 2607,
  "paginas_vistas": 3103,
  "interaccion_media_seg": 90393,
  "rebote": 68.12428078250863,
  "conversiones": 708,
  "tasa_conversion": 12.351361718450327,
  "trafico_organico": null
}