{
  "usuarios": 5155,
  "sesiones": 5782,
  "paginas_vistas": 6281,
  "interaccion_media_seg": 219546,
  "rebote": 61.67416118989969,
  "conversiones": 1996,
  "tasa_conversion": 13.317191283292978,
  "trafico_organico": null
}