{
  "usuarios": 4997,
  "sesiones": 5635,
  "paginas_vistas": 6120,
  "interaccion_media_seg": 210610,
  "rebote": 62.92812777284828,
  "conversiones": 1841,
  "tasa_conversion": 12.830523513753327,
  "trafico_organico": null
}