{
  "usuarios": 2249,
  "sesiones": 2415,
  "paginas_vistas": 2767,
  "interaccion_media_seg": 75468,
  "rebote": 57.68115942028985,
  "conversiones": 1027,
  "tasa_conversion": 17.805383022774325,
  "trafico_organico": null
}