{
  "usuarios": 4919,
  "sesiones": 5529,
  "paginas_vistas": 6035,
  "interaccion_media_seg": 206293,
  "rebote": 64.04413094592151,
  "conversiones": 1778,
  "tasa_conversion": 12.732863085548923,
  "trafico_organico": null
}