{
  "usuarios": 4907,
  "sesiones": 5494,
  "paginas_vistas": 6027,
  "interaccion_media_seg": 205124,
  "rebote": 63.96068438296323,
  "conversiones": 1752,
  "tasa_conversion": 12.57735711685475,
  "trafico_organico": null
}