{
  "usuarios": 154,
  "sesiones": 186,
  "paginas_vistas": 214,
  "interaccion_media_seg": 2419,
  "rebote": 86.02150537634408,
  "conversiones": 2,
  "tasa_conversion": 1.0752688172043012,
  "trafico_organico": null
}