{
  "usuarios": 5577,
  "sesiones": 6232,
  "paginas_vistas": 6539,
  "interaccion_media_seg": 222296,
  "rebote": 62.06675224646984,
  "conversiones": 2194,
  "tasa_conversion": 13.89602053915276,
  "trafico_organico": null
}