{
  "usuarios": 4757,
  "sesiones": 5323,
  "paginas_vistas": 5872,
  "interaccion_media_seg": 198132,
  "rebote": 63.31016344166823,
  "conversiones": 1678,
  "tasa_conversion": 12.455382303212474,
  "trafico_organico": null
}