{
  "usuarios": 5195,
  "sesiones": 5628,
  "paginas_vistas": 6038,
  "interaccion_media_seg": 183334,
  "rebote": 62.97085998578535,
  "conversiones": 1791,
  "tasa_conversion": 13.095238095238097,
  "trafico_organico": null
}