{
  "usuarios": 3142,
  "sesiones": 3519,
  "paginas_vistas": 4049,
  "interaccion_media_seg": 123364,
  "rebote": 67.94543904518329,
  "conversiones": 870,
  "tasa_conversion": 11.423699914748509,
  "trafico_organico": null
}