{
  "usuarios": 785,
  "sesiones": 982,
  "paginas_vistas": 1430,
  "interaccion_media_seg": 45593,
  "rebote": 54.989816700610994,
  "conversiones": 401,
  "tasa_conversion": 18.329938900203665,
  "trafico_organico": null
}