{
  "usuarios": 208,
  "sesiones": 263,
  "paginas_vistas": 399,
  "interaccion_media_seg": 8108,
  "rebote": 59.6958174904943,
  "conversiones": 68,
  "tasa_conversion": 19.011406844106464,
  "trafico_organico": null
}