{
  "usuarios": 4142,
  "sesiones": 4633,
  "paginas_vistas": 5187,
  "interaccion_media_seg": 170320,
  "rebote": 65.20612993740556,
  "conversiones": 1312,
  "tasa_conversion": 11.612346211957695,
  "trafico_organico": null
}