{
  "usuarios": 2532,
  "sesiones": 2721,
  "paginas_vistas": 3094,
  "interaccion_media_seg": 92031,
  "rebote": 57.69937522969496,
  "conversiones": 1280,
  "tasa_conversion": 17.82432929070195,
  "trafico_organico": null
}