{
  "usuarios": 2528,
  "sesiones": 2717,
  "paginas_vistas": 3090,
  "interaccion_media_seg": 92031,
  "rebote": 57.6370997423629,
  "conversiones": 1280,
  "tasa_conversion": 17.85057048214943,
  "trafico_organico": null
}