{
  "usuarios": 191,
  "sesiones": 288,
  "paginas_vistas": 566,
  "interaccion_media_seg": 13952,
  "rebote": 45.13888888888889,
  "conversiones": 79,
  "tasa_conversion": 15.972222222222221,
  "trafico_organico": null
}