{
  "usuarios": 5015,
  "sesiones": 5660,
  "paginas_vistas": 6141,
  "interaccion_media_seg": 211514,
  "rebote": 63.02120141342756,
  "conversiones": 1861,
  "tasa_conversion": 12.84452296819788,
  "trafico_organico": null
}