{
  "usuarios": 174,
  "sesiones": 239,
  "paginas_vistas": 344,
  "interaccion_media_seg": 8661,
  "rebote": 43.09623430962343,
  "conversiones": 91,
  "tasa_conversion": 22.594142259414227,
  "trafico_organico": null
}