{
  "usuarios": 1370,
  "sesiones": 1609,
  "paginas_vistas": 2079,
  "interaccion_media_seg": 73506,
  "rebote": 56.12181479179614,
  "conversiones": 599,
  "tasa_conversion": 15.661901802361717,
  "trafico_organico": null
}