{
  "usuarios": 3101,
  "sesiones": 3475,
  "paginas_vistas": 3998,
  "interaccion_media_seg": 121041,
  "rebote": 67.71223021582735,
  "conversiones": 864,
  "tasa_conversion": 11.482014388489208,
  "trafico_organico": null
}