{
  "usuarios": 170,
  "sesiones": 258,
  "paginas_vistas": 424,
  "interaccion_media_seg": 10174,
  "rebote": 42.63565891472868,
  "conversiones": 83,
  "tasa_conversion": 18.6046511627907,
  "trafico_organico": null
}