{
  "usuarios": 1763,
  "sesiones": 2009,
  "paginas_vistas": 2498,
  "interaccion_media_seg": 78964,
  "rebote": 63.51418616226978,
  "conversiones": 643,
  "tasa_conversion": 14.036834245893479,
  "trafico_organico": null
}