{
  "usuarios": 3418,
  "sesiones": 3804,
  "paginas_vistas": 4353,
  "interaccion_media_seg": 132719,
  "rebote": 66.29863301787591,
  "conversiones": 927,
  "tasa_conversion": 11.303890641430074,
  "trafico_organico": null
}