{
  "usuarios": 180,
  "sesiones": 254,
  "paginas_vistas": 362,
  "interaccion_media_seg": 8192,
  "rebote": 46.45669291338583,
  "conversiones": 87,
  "tasa_conversion": 20.47244094488189,
  "trafico_organico": null
}