{
  "usuarios": 5240,
  "sesiones": 5868,
  "paginas_vistas": 6267,
  "interaccion_media_seg": 222092,
  "rebote": 61.5371506475801,
  "conversiones": 2106,
  "tasa_conversion": 13.667348329925016,
  "trafico_organico": null
}