{
  "usuarios": 798,
  "sesiones": 995,
  "paginas_vistas": 1443,
  "interaccion_media_seg": 45752,
  "rebote": 55.47738693467337,
  "conversiones": 407,
  "tasa_conversion": 18.291457286432163,
  "trafico_organico": null
}