{
  "usuarios": 188,
  "sesiones": 243,
  "paginas_vistas": 383,
  "interaccion_media_seg": 7034,
  "rebote": 57.61316872427984,
  "conversiones": 64,
  "tasa_conversion": 19.34156378600823,
  "trafico_organico": null
}