{
  "usuarios": 4955,
  "sesiones": 5384,
  "paginas_vistas": 5819,
  "interaccion_media_seg": 172125,
  "rebote": 62.852897473997025,
  "conversiones": 1744,
  "tasa_conversion": 13.298662704309065,
  "trafico_organico": null
}