{
  "usuarios": 3251,
  "sesiones": 3499,
  "paginas_vistas": 3901,
  "interaccion_media_seg": 124685,
  "rebote": 58.245212917976566,
  "conversiones": 1474,
  "tasa_conversion": 16.290368676764793,
  "trafico_organico": null
}