{
  "usuarios": 160,
  "sesiones": 240,
  "paginas_vistas": 491,
  "interaccion_media_seg": 11221,
  "rebote": 55.41666666666667,
  "conversiones": 42,
  "tasa_conversion": 11.666666666666666,
  "trafico_organico": null
}