{
  "usuarios": 161,
  "sesiones": 193,
  "paginas_vistas": 220,
  "interaccion_media_seg": 1598,
  "rebote": 88.08290155440415,
  "conversiones": 2,
  "tasa_conversion": 1.0362694300518136,
  "trafico_organico": null
}