{
  "usuarios": 5540,
  "sesiones": 6189,
  "paginas_vistas": 6474,
  "interaccion_media_seg": 221623,
  "rebote": 63.16044595249637,
  "conversiones": 2186,
  "tasa_conversion": 13.847148166101148,
  "trafico_organico": null
}