{
  "usuarios": 1371,
  "sesiones": 1610,
  "paginas_vistas": 2080,
  "interaccion_media_seg": 73506,
  "rebote": 56.149068322981364,
  "conversiones": 599,
  "tasa_conversion": 15.65217391304348,
  "trafico_organico": null
}