{
  "usuarios": 184,
  "sesiones": 283,
  "paginas_vistas": 489,
  "interaccion_media_seg": 12136,
  "rebote": 43.109540636042404,
  "conversiones": 83,
  "tasa_conversion": 16.96113074204947,
  "trafico_organico": null
}