{
  "usuarios": 1966,
  "sesiones": 2239,
  "paginas_vistas": 2727,
  "interaccion_media_seg": 85832,
  "rebote": 63.51049575703439,
  "conversiones": 670,
  "tasa_conversion": 13.398838767306835,
  "trafico_organico": null
}