{
  "usuarios": 4134,
  "sesiones": 4628,
  "paginas_vistas": 5179,
  "interaccion_media_seg": 169982,
  "rebote": 65.19014693171997,
  "conversiones": 1307,
  "tasa_conversion": 11.603284356093345,
  "trafico_organico": null
}