{
  "usuarios": 4658,
  "sesiones": 5108,
  "paginas_vistas": 5476,
  "interaccion_media_seg": 169718,
  "rebote": 62.353171495693026,
  "conversiones": 1712,
  "tasa_conversion": 13.625685199686766,
  "trafico_organico": null
}