{
  "usuarios": 3399,
  "sesiones": 3788,
  "paginas_vistas": 4332,
  "interaccion_media_seg": 132262,
  "rebote": 66.23548046462513,
  "conversiones": 924,
  "tasa_conversion": 11.298838437170012,
  "trafico_organico": null
}