{
  "usuarios": 6048,
  "sesiones": 6673,
  "paginas_vistas": 7134,
  "interaccion_media_seg": 229701,
  "rebote": 62.355762026075226,
  "conversiones": 2261,
  "tasa_conversion": 13.771916679154803,
  "trafico_organico": null
}