{
  "usuarios": 174,
  "sesiones": 214,
  "paginas_vistas": 346,
  "interaccion_media_seg": 2576,
  "rebote": 84.11214953271028,
  "conversiones": 1,
  "tasa_conversion": 0.46728971962616817,
  "trafico_organico": null
}