{
  "usuarios": 152,
  "sesiones": 231,
  "paginas_vistas": 484,
  "interaccion_media_seg": 10303,
  "rebote": 54.97835497835498,
  "conversiones": 27,
  "tasa_conversion": 8.225108225108226,
  "trafico_organico": null
}