{
  "usuarios": 184,
  "sesiones": 258,
  "paginas_vistas": 368,
  "interaccion_media_seg": 8325,
  "rebote": 43.41085271317829,
  "conversiones": 90,
  "tasa_conversion": 20.930232558139537,
  "trafico_organico": null
}