{
  "usuarios": 1813,
  "sesiones": 2079,
  "paginas_vistas": 2564,
  "interaccion_media_seg": 81106,
  "rebote": 61.327561327561334,
  "conversiones": 651,
  "tasa_conversion": 13.756613756613756,
  "trafico_organico": null
}