{
  "usuarios": 5132,
  "sesiones": 5811,
  "paginas_vistas": 6243,
  "interaccion_media_seg": 217825,
  "rebote": 63.397005678884874,
  "conversiones": 1970,
  "tasa_conversion": 13.164687661331955,
  "trafico_organico": null
}