{
  "usuarios": 4173,
  "sesiones": 4648,
  "paginas_vistas": 5229,
  "interaccion_media_seg": 170651,
  "rebote": 63.59724612736662,
  "conversiones": 1323,
  "tasa_conversion": 11.682444061962133,
  "trafico_organico": null
}