{
  "usuarios": 3553,
  "sesiones": 3967,
  "paginas_vistas": 4516,
  "interaccion_media_seg": 139169,
  "rebote": 64.33072851020923,
  "conversiones": 968,
  "tasa_conversion": 11.19233677842198,
  "trafico_organico": null
}