{
  "usuarios": 166,
  "sesiones": 249,
  "paginas_vistas": 502,
  "interaccion_media_seg": 11409,
  "rebote": 56.62650602409639,
  "conversiones": 43,
  "tasa_conversion": 11.646586345381527,
  "trafico_organico": null
}