{
  "usuarios": 304,
  "sesiones": 361,
  "paginas_vistas": 489,
  "interaccion_media_seg": 8559,
  "rebote": 69.52908587257618,
  "conversiones": 72,
  "tasa_conversion": 14.40443213296399,
  "trafico_organico": null
}