{
  "usuarios": 1216,
  "sesiones": 1325,
  "paginas_vistas": 1620,
  "interaccion_media_seg": 26108,
  "rebote": 63.39622641509434,
  "conversiones": 346,
  "tasa_conversion": 14.867924528301888,
  "trafico_organico": null
}