{
  "usuarios": 2736,
  "sesiones": 3042,
  "paginas_vistas": 3581,
  "interaccion_media_seg": 101630,
  "rebote": 69.39513477975017,
  "conversiones": 797,
  "tasa_conversion": 11.801446416831032,
  "trafico_organico": null
}