{
  "usuarios": 5204,
  "sesiones": 5834,
  "paginas_vistas": 6328,
  "interaccion_media_seg": 221544,
  "rebote": 61.82721974631471,
  "conversiones": 2056,
  "tasa_conversion": 13.455605073705861,
  "trafico_organico": null
}