{
  "usuarios": 181,
  "sesiones": 271,
  "paginas_vistas": 450,
  "interaccion_media_seg": 10923,
  "rebote": 43.91143911439114,
  "conversiones": 83,
  "tasa_conversion": 17.712177121771216,
  "trafico_organico": null
}