{
  "usuarios": 6062,
  "sesiones": 6735,
  "paginas_vistas": 7177,
  "interaccion_media_seg": 230522,
  "rebote": 62.49443207126949,
  "conversiones": 2273,
  "tasa_conversion": 13.778767631774313,
  "trafico_organico": null
}