{
  "usuarios": 188,
  "sesiones": 243,
  "paginas_vistas": 382,
  "interaccion_media_seg": 7030,
  "rebote": 58.43621399176955,
  "conversiones": 63,
  "tasa_conversion": 18.930041152263374,
  "trafico_organico": null
}