{
  "usuarios": 159,
  "sesiones": 191,
  "paginas_vistas": 259,
  "interaccion_media_seg": 1851,
  "rebote": 87.43455497382199,
  "conversiones": 1,
  "tasa_conversion": 0.5235602094240838,
  "trafico_organico": null
}