{
  "usuarios": 3707,
  "sesiones": 4018,
  "paginas_vistas": 4410,
  "interaccion_media_seg": 148103,
  "rebote": 59.3827775012444,
  "conversiones": 1557,
  "tasa_conversion": 15.306122448979592,
  "trafico_organico": null
}