{
  "usuarios": 1013,
  "sesiones": 1221,
  "paginas_vistas": 1675,
  "interaccion_media_seg": 56327,
  "rebote": 58.55855855855856,
  "conversiones": 494,
  "tasa_conversion": 17.362817362817363,
  "trafico_organico": null
}