{
  "usuarios": 160,
  "sesiones": 192,
  "paginas_vistas": 259,
  "interaccion_media_seg": 1850,
  "rebote": 88.02083333333334,
  "conversiones": 1,
  "tasa_conversion": 0.5208333333333333,
  "trafico_organico": null
}