{
  "usuarios": 5639,
  "sesiones": 6152,
  "paginas_vistas": 6508,
  "interaccion_media_seg": 215018,
  "rebote": 62.56501950585176,
  "conversiones": 2106,
  "tasa_conversion": 13.52405721716515,
  "trafico_organico": null
}