{
  "usuarios": 153,
  "sesiones": 185,
  "paginas_vistas": 213,
  "interaccion_media_seg": 2419,
  "rebote": 85.94594594594595,
  "conversiones": 2,
  "tasa_conversion": 1.0810810810810811,
  "trafico_organico": null
}