{
  "usuarios": 5247,
  "sesiones": 5860,
  "paginas_vistas": 6251,
  "interaccion_media_seg": 221097,
  "rebote": 61.5358361774744,
  "conversiones": 2118,
  "tasa_conversion": 13.78839590443686,
  "trafico_organico": null
}