{
  "usuarios": 152,
  "sesiones": 212,
  "paginas_vistas": 337,
  "interaccion_media_seg": 8042,
  "rebote": 48.113207547169814,
  "conversiones": 77,
  "tasa_conversion": 22.169811320754718,
  "trafico_organico": null
}