{
  "usuarios": 5891,
  "sesiones": 6536,
  "paginas_vistas": 6921,
  "interaccion_media_seg": 230455,
  "rebote": 62.2093023255814,
  "conversiones": 2256,
  "tasa_conversion": 13.984088127294983,
  "trafico_organico": null
}