{
  "usuarios": 185,
  "sesiones": 231,
  "paginas_vistas": 366,
  "interaccion_media_seg": 2608,
  "rebote": 82.68398268398268,
  "conversiones": 3,
  "tasa_conversion": 0.8658008658008658,
  "trafico_organico": null
}