{
  "usuarios": 429,
  "sesiones": 493,
  "paginas_vistas": 637,
  "interaccion_media_seg": 13245,
  "rebote": 64.09736308316431,
  "conversiones": 146,
  "tasa_conversion": 17.44421906693712,
  "trafico_organico": null
}