{
  "usuarios": 5082,
  "sesiones": 5744,
  "paginas_vistas": 6215,
  "interaccion_media_seg": 215308,
  "rebote": 63.24860724233984,
  "conversiones": 1926,
  "tasa_conversion": 13.022284122562674,
  "trafico_organico": null
}