{
  "usuarios": 5343,
  "sesiones": 5808,
  "paginas_vistas": 6183,
  "interaccion_media_seg": 188830,
  "rebote": 62.98209366391184,
  "conversiones": 1852,
  "tasa_conversion": 13.050964187327823,
  "trafico_organico": null
}