{
  "usuarios": 3479,
  "sesiones": 3856,
  "paginas_vistas": 4421,
  "interaccion_media_seg": 136397,
  "rebote": 66.6753112033195,
  "conversiones": 938,
  "tasa_conversion": 11.20331950207469,
  "trafico_organico": null
}