{
  "usuarios": 3857,
  "sesiones": 4309,
  "paginas_vistas": 4867,
  "interaccion_media_seg": 153796,
  "rebote": 63.843119053144584,
  "conversiones": 1063,
  "tasa_conversion": 11.232304478997447,
  "trafico_organico": null
}