{
  "usuarios": 6034,
  "sesiones": 6642,
  "paginas_vistas": 7052,
  "interaccion_media_seg": 227235,
  "rebote": 62.55645889792232,
  "conversiones": 2256,
  "tasa_conversion": 13.79102679915688,
  "trafico_organico": null
}