{
  "usuarios": 3130,
  "sesiones": 3498,
  "paginas_vistas": 4035,
  "interaccion_media_seg": 122886,
  "rebote": 67.81017724413951,
  "conversiones": 868,
  "tasa_conversion": 11.463693539165238,
  "trafico_organico": null
}