{
  "usuarios": 3258,
  "sesiones": 3669,
  "paginas_vistas": 4183,
  "interaccion_media_seg": 127884,
  "rebote": 65.52194058326519,
  "conversiones": 895,
  "tasa_conversion": 11.256473153447805,
  "trafico_organico": null
}