{
  "usuarios": 1052,
  "sesiones": 1265,
  "paginas_vistas": 1721,
  "interaccion_media_seg": 57153,
  "rebote": 59.44664031620553,
  "conversiones": 518,
  "tasa_conversion": 17.391304347826086,
  "trafico_organico": null
}