{
  "usuarios": 5249,
  "sesiones": 5885,
  "paginas_vistas": 6287,
  "interaccion_media_seg": 222336,
  "rebote": 61.59728122344945,
  "conversiones": 2115,
  "tasa_conversion": 13.695836873406966,
  "trafico_organico": null
}