{
  "usuarios": 216,
  "sesiones": 271,
  "paginas_vistas": 406,
  "interaccion_media_seg": 8350,
  "rebote": 60.51660516605166,
  "conversiones": 71,
  "tasa_conversion": 19.18819188191882,
  "trafico_organico": null
}