{
  "usuarios": 1710,
  "sesiones": 1852,
  "paginas_vistas": 2160,
  "interaccion_media_seg": 50349,
  "rebote": 58.909287257019436,
  "conversiones": 692,
  "tasa_conversion": 17.11663066954644,
  "trafico_organico": null
}