{
  "usuarios": 162,
  "sesiones": 195,
  "paginas_vistas": 263,
  "interaccion_media_seg": 1934,
  "rebote": 87.17948717948718,
  "conversiones": 1,
  "tasa_conversion": 0.5128205128205128,
  "trafico_organico": null
}