{
  "usuarios": 2707,
  "sesiones": 3000,
  "paginas_vistas": 3548,
  "interaccion_media_seg": 100247,
  "rebote": 69.03333333333333,
  "conversiones": 789,
  "tasa_conversion": 11.933333333333334,
  "trafico_organico": null
}