{
  "usuarios": 2260,
  "sesiones": 2539,
  "paginas_vistas": 3040,
  "interaccion_media_seg": 89734,
  "rebote": 67.27057896809767,
  "conversiones": 699,
  "tasa_conversion": 12.564001575423395,
  "trafico_organico": null
}