{
  "usuarios": 2023,
  "sesiones": 2295,
  "paginas_vistas": 2777,
  "interaccion_media_seg": 86055,
  "rebote": 64.27015250544662,
  "conversiones": 676,
  "tasa_conversion": 13.246187363834421,
  "trafico_organico": null
}