{
  "usuarios": 3829,
  "sesiones": 4284,
  "paginas_vistas": 4816,
  "interaccion_media_seg": 151632,
  "rebote": 66.17647058823529,
  "conversiones": 1050,
  "tasa_conversion": 11.227824463118582,
  "trafico_organico": null
}