{
  "usuarios": 985,
  "sesiones": 1188,
  "paginas_vistas": 1640,
  "interaccion_media_seg": 54944,
  "rebote": 57.82828282828283,
  "conversiones": 490,
  "tasa_conversion": 17.67676767676768,
  "trafico_organico": null
}