{
  "usuarios": 6062,
  "sesiones": 6741,
  "paginas_vistas": 7118,
  "interaccion_media_seg": 231609,
  "rebote": 63.2398753894081,
  "conversiones": 2299,
  "tasa_conversion": 13.95935321168966,
  "trafico_organico": null
}