{
  "usuarios": 4800,
  "sesiones": 5364,
  "paginas_vistas": 5912,
  "interaccion_media_seg": 199833,
  "rebote": 63.4041759880686,
  "conversiones": 1707,
  "tasa_conversion": 12.527964205816556,
  "trafico_organico": null
}