{
  "usuarios": 3255,
  "sesiones": 3506,
  "paginas_vistas": 3910,
  "interaccion_media_seg": 124685,
  "rebote": 58.3000570450656,
  "conversiones": 1474,
  "tasa_conversion": 16.25784369652025,
  "trafico_organico": null
}