{
  "usuarios": 2244,
  "sesiones": 2411,
  "paginas_vistas": 2762,
  "interaccion_media_seg": 75468,
  "rebote": 57.61094981335545,
  "conversiones": 1027,
  "tasa_conversion": 17.834923268353382,
  "trafico_organico": null
}