{
  "usuarios": 1159,
  "sesiones": 1390,
  "paginas_vistas": 1856,
  "interaccion_media_seg": 61854,
  "rebote": 55.17985611510792,
  "conversiones": 556,
  "tasa_conversion": 16.762589928057555,
  "trafico_organico": null
}