{
  "usuarios": 180,
  "sesiones": 273,
  "paginas_vistas": 543,
  "interaccion_media_seg": 13666,
  "rebote": 51.28205128205128,
  "conversiones": 70,
  "tasa_conversion": 14.652014652014653,
  "trafico_organico": null
}