{
  "usuarios": 812,
  "sesiones": 1009,
  "paginas_vistas": 1457,
  "interaccion_media_seg": 46144,
  "rebote": 52.72547076313181,
  "conversiones": 415,
  "tasa_conversion": 18.13676907829534,
  "trafico_organico": null
}