{
  "usuarios": 173,
  "sesiones": 260,
  "paginas_vistas": 430,
  "interaccion_media_seg": 10221,
  "rebote": 41.53846153846154,
  "conversiones": 83,
  "tasa_conversion": 18.461538461538463,
  "trafico_organico": null
}