{
  "usuarios": 4740,
  "sesiones": 5295,
  "paginas_vistas": 5845,
  "interaccion_media_seg": 196842,
  "rebote": 64.438149197356,
  "conversiones": 1666,
  "tasa_conversion": 12.464589235127479,
  "trafico_organico": null
}