{
  "usuarios": 5242,
  "sesiones": 5874,
  "paginas_vistas": 6270,
  "interaccion_media_seg": 222111,
  "rebote": 61.55941436840313,
  "conversiones": 2109,
  "tasa_conversion": 13.687436159346273,
  "trafico_organico": null
}