{
  "usuarios": 162,
  "sesiones": 194,
  "paginas_vistas": 262,
  "interaccion_media_seg": 1934,
  "rebote": 87.11340206185567,
  "conversiones": 1,
  "tasa_conversion": 0.5154639175257731,
  "trafico_organico": null
}