{
  "usuarios": 168,
  "sesiones": 252,
  "paginas_vistas": 506,
  "interaccion_media_seg": 11774,
  "rebote": 56.74603174603175,
  "conversiones": 47,
  "tasa_conversion": 11.904761904761903,
  "trafico_organico": null
}