{
  "usuarios": 4777,
  "sesiones": 5345,
  "paginas_vistas": 5891,
  "interaccion_media_seg": 198677,
  "rebote": 63.3489242282507,
  "conversiones": 1696,
  "tasa_conversion": 12.516370439663238,
  "trafico_organico": null
}