{
  "usuarios": 3138,
  "sesiones": 3516,
  "paginas_vistas": 4045,
  "interaccion_media_seg": 123085,
  "rebote": 67.91808873720136,
  "conversiones": 870,
  "tasa_conversion": 11.433447098976108,
  "trafico_organico": null
}