{
  "usuarios": 1113,
  "sesiones": 1219,
  "paginas_vistas": 1505,
  "interaccion_media_seg": 19108,
  "rebote": 65.29942575881871,
  "conversiones": 234,
  "tasa_conversion": 13.453650533223954,
  "trafico_organico": null
}