{
  "usuarios": 4438,
  "sesiones": 4922,
  "paginas_vistas": 5524,
  "interaccion_media_seg": 186548,
  "rebote": 64.40471353108492,
  "conversiones": 1559,
  "tasa_conversion": 12.454286875253961,
  "trafico_organico": null
}