{
  "usuarios": 2884,
  "sesiones": 3142,
  "paginas_vistas": 3495,
  "interaccion_media_seg": 108769,
  "rebote": 58.52959898154042,
  "conversiones": 1398,
  "tasa_conversion": 16.96371737746658,
  "trafico_organico": null
}