{
  "usuarios": 191,
  "sesiones": 289,
  "paginas_vistas": 568,
  "interaccion_media_seg": 14065,
  "rebote": 44.982698961937714,
  "conversiones": 80,
  "tasa_conversion": 16.26297577854671,
  "trafico_organico": null
}