{
  "usuarios": 826,
  "sesiones": 1023,
  "paginas_vistas": 1471,
  "interaccion_media_seg": 46556,
  "rebote": 53.17693059628543,
  "conversiones": 427,
  "tasa_conversion": 18.084066471163247,
  "trafico_organico": null
}