{
  "usuarios": 174,
  "sesiones": 261,
  "paginas_vistas": 432,
  "interaccion_media_seg": 10265,
  "rebote": 41.7624521072797,
  "conversiones": 83,
  "tasa_conversion": 18.39080459770115,
  "trafico_organico": null
}