{
  "usuarios": 3840,
  "sesiones": 4292,
  "paginas_vistas": 4836,
  "interaccion_media_seg": 151792,
  "rebote": 66.19291705498603,
  "conversiones": 1056,
  "tasa_conversion": 11.230195712954334,
  "trafico_organico": null
}