{
  "usuarios": 299,
  "sesiones": 356,
  "paginas_vistas": 484,
  "interaccion_media_seg": 8556,
  "rebote": 69.10112359550563,
  "conversiones": 72,
  "tasa_conversion": 14.606741573033707,
  "trafico_organico": null
}