{
  "usuarios": 1158,
  "sesiones": 1388,
  "paginas_vistas": 1854,
  "interaccion_media_seg": 61854,
  "rebote": 55.11527377521613,
  "conversiones": 556,
  "tasa_conversion": 16.786743515850144,
  "trafico_organico": null
}