{
  "usuarios": 5985,
  "sesiones": 6636,
  "paginas_vistas": 7024,
  "interaccion_media_seg": 231809,
  "rebote": 62.61301989150091,
  "conversiones": 2277,
  "tasa_conversion": 13.999397227245328,
  "trafico_organico": null
}