{
  "usuarios": 4674,
  "sesiones": 5220,
  "paginas_vistas": 5779,
  "interaccion_media_seg": 195782,
  "rebote": 64.08045977011494,
  "conversiones": 1646,
  "tasa_conversion": 12.471264367816092,
  "trafico_organico": null
}