{
  "usuarios": 302,
  "sesiones": 359,
  "paginas_vistas": 487,
  "interaccion_media_seg": 8559,
  "rebote": 69.35933147632312,
  "conversiones": 72,
  "tasa_conversion": 14.484679665738161,
  "trafico_organico": null
}