{
  "usuarios": 5556,
  "sesiones": 6198,
  "paginas_vistas": 6496,
  "interaccion_media_seg": 222006,
  "rebote": 63.10100032268474,
  "conversiones": 2190,
  "tasa_conversion": 13.875443691513393,
  "trafico_organico": null
}