{
  "usuarios": 4385,
  "sesiones": 4789,
  "paginas_vistas": 5182,
  "interaccion_media_seg": 161824,
  "rebote": 61.5159741073293,
  "conversiones": 1672,
  "tasa_conversion": 13.990394654416372,
  "trafico_organico": null
}