{
  "usuarios": 3151,
  "sesiones": 3527,
  "paginas_vistas": 4059,
  "interaccion_media_seg": 123701,
  "rebote": 68.01814573291749,
  "conversiones": 873,
  "tasa_conversion": 11.426141196484265,
  "trafico_organico": null
}