{
  "usuarios": 1974,
  "sesiones": 2123,
  "paginas_vistas": 2463,
  "interaccion_media_seg": 59874,
  "rebote": 58.596325953838914,
  "conversiones": 878,
  "tasa_conversion": 17.33396137541215,
  "trafico_organico": null
}