{
  "usuarios": 5547,
  "sesiones": 6190,
  "paginas_vistas": 6482,
  "interaccion_media_seg": 221889,
  "rebote": 63.150242326332794,
  "conversiones": 2187,
  "tasa_conversion": 13.861066235864298,
  "trafico_organico": null
}