{
  "usuarios": 153,
  "sesiones": 218,
  "paginas_vistas": 322,
  "interaccion_media_seg": 8506,
  "rebote": 44.03669724770643,
  "conversiones": 84,
  "tasa_conversion": 22.018348623853214,
  "trafico_organico": null
}