{
  "usuarios": 2099,
  "sesiones": 2371,
  "paginas_vistas": 2867,
  "interaccion_media_seg": 86470,
  "rebote": 65.28890763390974,
  "conversiones": 686,
  "tasa_conversion": 13.032475748629272,
  "trafico_organico": null
}