{
  "usuarios": 2531,
  "sesiones": 2720,
  "paginas_vistas": 3093,
  "interaccion_media_seg": 92031,
  "rebote": 57.68382352941176,
  "conversiones": 1280,
  "tasa_conversion": 17.830882352941178,
  "trafico_organico": null
}