{
  "usuarios": 5516,
  "sesiones": 5975,
  "paginas_vistas": 6377,
  "interaccion_media_seg": 198802,
  "rebote": 62.711297071129714,
  "conversiones": 1940,
  "tasa_conversion": 13.17154811715481,
  "trafico_organico": null
}