{
  "usuarios": 2900,
  "sesiones": 3252,
  "paginas_vistas": 3785,
  "interaccion_media_seg": 107162,
  "rebote": 66.26691266912668,
  "conversiones": 822,
  "tasa_conversion": 11.500615006150062,
  "trafico_organico": null
}