{
  "usuarios": 151,
  "sesiones": 211,
  "paginas_vistas": 334,
  "interaccion_media_seg": 8041,
  "rebote": 48.81516587677725,
  "conversiones": 75,
  "tasa_conversion": 21.80094786729858,
  "trafico_organico": null
}