{
  "usuarios": 1708,
  "sesiones": 1850,
  "paginas_vistas": 2158,
  "interaccion_media_seg": 50349,
  "rebote": 58.91891891891892,
  "conversiones": 692,
  "tasa_conversion": 17.135135135135133,
  "trafico_organico": null
}