{
  "usuarios": 158,
  "sesiones": 189,
  "paginas_vistas": 218,
  "interaccion_media_seg": 2414,
  "rebote": 86.24338624338624,
  "conversiones": 2,
  "tasa_conversion": 1.0582010582010581,
  "trafico_organico": null
}