{
  "usuarios": 1156,
  "sesiones": 1382,
  "paginas_vistas": 1848,
  "interaccion_media_seg": 61849,
  "rebote": 54.92040520984081,
  "conversiones": 556,
  "tasa_conversion": 16.859623733719246,
  "trafico_organico": null
}