{
  "usuarios": 2967,
  "sesiones": 3303,
  "paginas_vistas": 3851,
  "interaccion_media_seg": 111267,
  "rebote": 66.4850136239782,
  "conversiones": 840,
  "tasa_conversion": 11.656070239176506,
  "trafico_organico": null
}