{
  "usuarios": 146,
  "sesiones": 224,
  "paginas_vistas": 474,
  "interaccion_media_seg": 10227,
  "rebote": 53.57142857142857,
  "conversiones": 26,
  "tasa_conversion": 8.482142857142858,
  "trafico_organico": null
}