{
  "usuarios": 2831,
  "sesiones": 3173,
  "paginas_vistas": 3709,
  "interaccion_media_seg": 106050,
  "rebote": 65.64765206429247,
  "conversiones": 811,
  "tasa_conversion": 11.566341002206114,
  "trafico_organico": null
}