{
  "usuarios": 5583,
  "sesiones": 6234,
  "paginas_vistas": 6544,
  "interaccion_media_seg": 222450,
  "rebote": 62.07892204042348,
  "conversiones": 2194,
  "tasa_conversion": 13.891562399743343,
  "trafico_organico": null
}