{
  "usuarios": 5837,
  "sesiones": 6501,
  "paginas_vistas": 6855,
  "interaccion_media_seg": 230070,
  "rebote": 63.34410090755268,
  "conversiones": 2245,
  "tasa_conversion": 13.905552991847408,
  "trafico_organico": null
}