{
  "usuarios": 2878,
  "sesiones": 3136,
  "paginas_vistas": 3489,
  "interaccion_media_seg": 108769,
  "rebote": 58.45025510204081,
  "conversiones": 1398,
  "tasa_conversion": 16.996173469387756,
  "trafico_organico": null
}