{
  "usuarios": 4954,
  "sesiones": 5384,
  "paginas_vistas": 5780,
  "interaccion_media_seg": 171629,
  "rebote": 62.87147102526003,
  "conversiones": 1744,
  "tasa_conversion": 13.298662704309065,
  "trafico_organico": null
}