{
  "usuarios": 4904,
  "sesiones": 5503,
  "paginas_vistas": 6021,
  "interaccion_media_seg": 205896,
  "rebote": 63.965109940032704,
  "conversiones": 1768,
  "tasa_conversion": 12.683990550608758,
  "trafico_organico": null
}