{
  "usuarios": 5548,
  "sesiones": 6192,
  "paginas_vistas": 6484,
  "interaccion_media_seg": 221889,
  "rebote": 63.14599483204134,
  "conversiones": 2187,
  "tasa_conversion": 13.85658914728682,
  "trafico_organico": null
}