{
  "usuarios": 2611,
  "sesiones": 2893,
  "paginas_vistas": 3428,
  "interaccion_media_seg": 96149,
  "rebote": 68.26823366747321,
  "conversiones": 771,
  "tasa_conversion": 12.063601797442102,
  "trafico_organico": null
}