{
  "usuarios": 3816,
  "sesiones": 4272,
  "paginas_vistas": 4777,
  "interaccion_media_seg": 150903,
  "rebote": 66.12827715355806,
  "conversiones": 1046,
  "tasa_conversion": 11.212546816479401,
  "trafico_organico": null
}