{
  "usuarios": 194,
  "sesiones": 284,
  "paginas_vistas": 540,
  "interaccion_media_seg": 13020,
  "rebote": 52.816901408450704,
  "conversiones": 64,
  "tasa_conversion": 12.676056338028168,
  "trafico_organico": null
}