{
  "usuarios": 188,
  "sesiones": 286,
  "paginas_vistas": 542,
  "interaccion_media_seg": 13066,
  "rebote": 45.45454545454545,
  "conversiones": 80,
  "tasa_conversion": 16.433566433566433,
  "trafico_organico": null
}