{
  "usuarios": 331,
  "sesiones": 391,
  "paginas_vistas": 533,
  "interaccion_media_seg": 8850,
  "rebote": 61.892583120204606,
  "conversiones": 78,
  "tasa_conversion": 13.810741687979538,
  "trafico_organico": null
}