{
  "usuarios": 162,
  "sesiones": 194,
  "paginas_vistas": 221,
  "interaccion_media_seg": 1797,
  "rebote": 88.65979381443299,
  "conversiones": 2,
  "tasa_conversion": 1.0309278350515463,
  "trafico_organico": null
}