{
  "usuarios": 1365,
  "sesiones": 1601,
  "paginas_vistas": 2073,
  "interaccion_media_seg": 72091,
  "rebote": 59.96252342286071,
  "conversiones": 597,
  "tasa_conversion": 15.61524047470331,
  "trafico_organico": null
}