{
  "usuarios": 1360,
  "sesiones": 1595,
  "paginas_vistas": 2062,
  "interaccion_media_seg": 72065,
  "rebote": 59.87460815047022,
  "conversiones": 594,
  "tasa_conversion": 15.673981191222571,
  "trafico_organico": null
}