{
  "usuarios": 768,
  "sesiones": 848,
  "paginas_vistas": 1100,
  "interaccion_media_seg": 14630,
  "rebote": 67.21698113207547,
  "conversiones": 140,
  "tasa_conversion": 11.674528301886793,
  "trafico_organico": null
}