{
  "usuarios": 701,
  "sesiones": 890,
  "paginas_vistas": 1333,
  "interaccion_media_seg": 34272,
  "rebote": 57.752808988764045,
  "conversiones": 319,
  "tasa_conversion": 16.292134831460675,
  "trafico_organico": null
}