{
  "usuarios": 1471,
  "sesiones": 1592,
  "paginas_vistas": 1898,
  "interaccion_media_seg": 39479,
  "rebote": 60.30150753768844,
  "conversiones": 570,
  "tasa_conversion": 16.834170854271356,
  "trafico_organico": null
}