{
  "usuarios": 1361,
  "sesiones": 1596,
  "paginas_vistas": 2064,
  "interaccion_media_seg": 72075,
  "rebote": 59.899749373433586,
  "conversiones": 594,
  "tasa_conversion": 15.664160401002505,
  "trafico_organico": null
}