{
  "usuarios": 254,
  "sesiones": 315,
  "paginas_vistas": 458,
  "interaccion_media_seg": 9266,
  "rebote": 57.77777777777777,
  "conversiones": 77,
  "tasa_conversion": 18.095238095238095,
  "trafico_organico": null
}