{
  "usuarios": 5243,
  "sesiones": 5854,
  "paginas_vistas": 6235,
  "interaccion_media_seg": 220573,
  "rebote": 61.513495046122316,
  "conversiones": 2115,
  "tasa_conversion": 13.76836351212846,
  "trafico_organico": null
}