{
  "usuarios": 3708,
  "sesiones": 4013,
  "paginas_vistas": 4411,
  "interaccion_media_seg": 148103,
  "rebote": 59.30725143284326,
  "conversiones": 1557,
  "tasa_conversion": 15.325193122352355,
  "trafico_organico": null
}