{
  "usuarios": 189,
  "sesiones": 288,
  "paginas_vistas": 544,
  "interaccion_media_seg": 13070,
  "rebote": 45.83333333333333,
  "conversiones": 80,
  "tasa_conversion": 16.319444444444446,
  "trafico_organico": null
}