{
  "usuarios": 4881,
  "sesiones": 5466,
  "paginas_vistas": 5995,
  "interaccion_media_seg": 205157,
  "rebote": 63.83095499451152,
  "conversiones": 1754,
  "tasa_conversion": 12.660080497621662,
  "trafico_organico": null
}