{
  "usuarios": 4115,
  "sesiones": 4612,
  "paginas_vistas": 5157,
  "interaccion_media_seg": 169329,
  "rebote": 65.13443191673895,
  "conversiones": 1293,
  "tasa_conversion": 11.621856027753687,
  "trafico_organico": null
}