{
  "usuarios": 162,
  "sesiones": 192,
  "paginas_vistas": 221,
  "interaccion_media_seg": 1650,
  "rebote": 88.02083333333334,
  "conversiones": 2,
  "tasa_conversion": 1.0416666666666665,
  "trafico_organico": null
}