{
  "usuarios": 3851,
  "sesiones": 4306,
  "paginas_vistas": 4859,
  "interaccion_media_seg": 153769,
  "rebote": 63.81792847189968,
  "conversiones": 1063,
  "tasa_conversion": 11.2401300510915,
  "trafico_organico": null
}