{
  "usuarios": 657,
  "sesiones": 837,
  "paginas_vistas": 1279,
  "interaccion_media_seg": 27905,
  "rebote": 56.15292712066906,
  "conversiones": 229,
  "tasa_conversion": 16.129032258064516,
  "trafico_organico": null
}