{
  "usuarios": 5190,
  "sesiones": 5621,
  "paginas_vistas": 6010,
  "interaccion_media_seg": 183114,
  "rebote": 62.924746486390326,
  "conversiones": 1791,
  "tasa_conversion": 13.111545988258316,
  "trafico_organico": null
}