{
  "usuarios": 3818,
  "sesiones": 4275,
  "paginas_vistas": 4784,
  "interaccion_media_seg": 150971,
  "rebote": 66.12865497076024,
  "conversiones": 1047,
  "tasa_conversion": 11.228070175438596,
  "trafico_organico": null
}