{
  "usuarios": 1035,
  "sesiones": 1248,
  "paginas_vistas": 1702,
  "interaccion_media_seg": 56933,
  "rebote": 59.13461538461539,
  "conversiones": 510,
  "tasa_conversion": 17.38782051282051,
  "trafico_organico": null
}