{
  "usuarios": 186,
  "sesiones": 282,
  "paginas_vistas": 559,
  "interaccion_media_seg": 13906,
  "rebote": 44.680851063829785,
  "conversiones": 77,
  "tasa_conversion": 15.602836879432624,
  "trafico_organico": null
}