{
  "usuarios": 6055,
  "sesiones": 6728,
  "paginas_vistas": 7111,
  "interaccion_media_seg": 231394,
  "rebote": 63.168846611177166,
  "conversiones": 2296,
  "tasa_conversion": 13.986325802615934,
  "trafico_organico": null
}