{
  "usuarios": 3821,
  "sesiones": 4279,
  "paginas_vistas": 4797,
  "interaccion_media_seg": 151077,
  "rebote": 66.16031783126898,
  "conversiones": 1048,
  "tasa_conversion": 11.217574199579342,
  "trafico_organico": null
}