{
  "usuarios": 4459,
  "sesiones": 4942,
  "paginas_vistas": 5552,
  "interaccion_media_seg": 187859,
  "rebote": 64.46782679077296,
  "conversiones": 1570,
  "tasa_conversion": 12.444354512343182,
  "trafico_organico": null
}