{
  "usuarios": 5855,
  "sesiones": 6552,
  "paginas_vistas": 6877,
  "interaccion_media_seg": 227393,
  "rebote": 63.24786324786324,
  "conversiones": 2253,
  "tasa_conversion": 13.88888888888889,
  "trafico_organico": null
}