{
  "usuarios": 4945,
  "sesiones": 5563,
  "paginas_vistas": 6071,
  "interaccion_media_seg": 207344,
  "rebote": 62.64605428725508,
  "conversiones": 1796,
  "tasa_conversion": 12.78087362933669,
  "trafico_organico": null
}