{
  "usuarios": 4844,
  "sesiones": 5421,
  "paginas_vistas": 5958,
  "interaccion_media_seg": 202371,
  "rebote": 63.67828813871979,
  "conversiones": 1722,
  "tasa_conversion": 12.506917542888765,
  "trafico_organico": null
}