{
  "usuarios": 3521,
  "sesiones": 3936,
  "paginas_vistas": 4482,
  "interaccion_media_seg": 138572,
  "rebote": 64.10060975609755,
  "conversiones": 952,
  "tasa_conversion": 11.229674796747966,
  "trafico_organico": null
}