{
  "usuarios": 4706,
  "sesiones": 5251,
  "paginas_vistas": 5810,
  "interaccion_media_seg": 196411,
  "rebote": 64.27347171967244,
  "conversiones": 1647,
  "tasa_conversion": 12.416682536659685,
  "trafico_organico": null
}