{
  "usuarios": 1477,
  "sesiones": 1598,
  "paginas_vistas": 1912,
  "interaccion_media_seg": 39479,
  "rebote": 60.450563204005,
  "conversiones": 570,
  "tasa_conversion": 16.77096370463079,
  "trafico_organico": null
}