{
  "usuarios": 174,
  "sesiones": 227,
  "paginas_vistas": 358,
  "interaccion_media_seg": 6777,
  "rebote": 55.947136563876654,
  "conversiones": 63,
  "tasa_conversion": 20.26431718061674,
  "trafico_organico": null
}