{
  "usuarios": 4957,
  "sesiones": 5388,
  "paginas_vistas": 5823,
  "interaccion_media_seg": 172143,
  "rebote": 62.82479584261321,
  "conversiones": 1744,
  "tasa_conversion": 13.288789903489235,
  "trafico_organico": null
}