{
  "usuarios": 661,
  "sesiones": 845,
  "paginas_vistas": 1292,
  "interaccion_media_seg": 28155,
  "rebote": 56.44970414201184,
  "conversiones": 232,
  "tasa_conversion": 15.976331360946746,
  "trafico_organico": null
}