{
  "usuarios": 2697,
  "sesiones": 2986,
  "paginas_vistas": 3534,
  "interaccion_media_seg": 99329,
  "rebote": 68.92163429336907,
  "conversiones": 789,
  "tasa_conversion": 11.989283322170127,
  "trafico_organico": null
}