{
  "usuarios": 1209,
  "sesiones": 1319,
  "paginas_vistas": 1613,
  "interaccion_media_seg": 26108,
  "rebote": 63.229719484457924,
  "conversiones": 346,
  "tasa_conversion": 14.935557240333585,
  "trafico_organico": null
}