{
  "usuarios": 4122,
  "sesiones": 4619,
  "paginas_vistas": 5166,
  "interaccion_media_seg": 169702,
  "rebote": 65.14397055639749,
  "conversiones": 1301,
  "tasa_conversion": 11.604243342714874,
  "trafico_organico": null
}