{
  "usuarios": 1770,
  "sesiones": 2016,
  "paginas_vistas": 2511,
  "interaccion_media_seg": 79213,
  "rebote": 63.49206349206349,
  "conversiones": 645,
  "tasa_conversion": 14.037698412698413,
  "trafico_organico": null
}