{
  "usuarios": 3253,
  "sesiones": 3500,
  "paginas_vistas": 3903,
  "interaccion_media_seg": 124685,
  "rebote": 58.22857142857143,
  "conversiones": 1474,
  "tasa_conversion": 16.28571428571429,
  "trafico_organico": null
}