{
  "usuarios": 6065,
  "sesiones": 6741,
  "paginas_vistas": 7123,
  "interaccion_media_seg": 231633,
  "rebote": 63.2398753894081,
  "conversiones": 2299,
  "tasa_conversion": 13.95935321168966,
  "trafico_organico": null
}