{
  "usuarios": 160,
  "sesiones": 191,
  "paginas_vistas": 219,
  "interaccion_media_seg": 2420,
  "rebote": 86.38743455497382,
  "conversiones": 2,
  "tasa_conversion": 1.0471204188481675,
  "trafico_organico": null
}