{
  "usuarios": 4127,
  "sesiones": 4622,
  "paginas_vistas": 5171,
  "interaccion_media_seg": 169819,
  "rebote": 65.1665945478148,
  "conversiones": 1304,
  "tasa_conversion": 11.596711380354826,
  "trafico_organico": null
}