{
  "usuarios": 243,
  "sesiones": 302,
  "paginas_vistas": 442,
  "interaccion_media_seg": 8816,
  "rebote": 55.960264900662246,
  "conversiones": 77,
  "tasa_conversion": 18.874172185430464,
  "trafico_organico": null
}