{
  "usuarios": 4405,
  "sesiones": 4892,
  "paginas_vistas": 5468,
  "interaccion_media_seg": 185016,
  "rebote": 64.53393295175798,
  "conversiones": 1448,
  "tasa_conversion": 12.183156173344235,
  "trafico_organico": null
}