{
  "usuarios": 175,
  "sesiones": 215,
  "paginas_vistas": 347,
  "interaccion_media_seg": 2576,
  "rebote": 84.18604651162791,
  "conversiones": 1,
  "tasa_conversion": 0.46511627906976744,
  "trafico_organico": null
}