{
  "usuarios": 3562,
  "sesiones": 3976,
  "paginas_vistas": 4522,
  "interaccion_media_seg": 139198,
  "rebote": 64.41146881287726,
  "conversiones": 969,
  "tasa_conversion": 11.19215291750503,
  "trafico_organico": null
}