{
  "usuarios": 2525,
  "sesiones": 2714,
  "paginas_vistas": 3087,
  "interaccion_media_seg": 92031,
  "rebote": 57.59027266028003,
  "conversiones": 1280,
  "tasa_conversion": 17.87030213706706,
  "trafico_organico": null
}