{
  "usuarios": 4171,
  "sesiones": 4647,
  "paginas_vistas": 5226,
  "interaccion_media_seg": 170651,
  "rebote": 63.589412524209166,
  "conversiones": 1323,
  "tasa_conversion": 11.684958037443511,
  "trafico_organico": null
}