{
  "usuarios": 194,
  "sesiones": 283,
  "paginas_vistas": 540,
  "interaccion_media_seg": 13020,
  "rebote": 52.65017667844523,
  "conversiones": 64,
  "tasa_conversion": 12.7208480565371,
  "trafico_organico": null
}