{
  "usuarios": 175,
  "sesiones": 266,
  "paginas_vistas": 535,
  "interaccion_media_seg": 13587,
  "rebote": 51.127819548872175,
  "conversiones": 67,
  "tasa_conversion": 13.909774436090224,
  "trafico_organico": null
}