{
  "usuarios": 2247,
  "sesiones": 2414,
  "paginas_vistas": 2765,
  "interaccion_media_seg": 75468,
  "rebote": 57.66362883181442,
  "conversiones": 1027,
  "tasa_conversion": 17.812758906379454,
  "trafico_organico": null
}