{
  "usuarios": 5517,
  "sesiones": 5981,
  "paginas_vistas": 6379,
  "interaccion_media_seg": 198802,
  "rebote": 62.74870423006186,
  "conversiones": 1940,
  "tasa_conversion": 13.15833472663434,
  "trafico_organico": null
}