{
  "usuarios": 181,
  "sesiones": 226,
  "paginas_vistas": 361,
  "interaccion_media_seg": 2600,
  "rebote": 82.30088495575221,
  "conversiones": 3,
  "tasa_conversion": 0.8849557522123894,
  "trafico_organico": null
}