{
  "usuarios": 191,
  "sesiones": 290,
  "paginas_vistas": 570,
  "interaccion_media_seg": 14065,
  "rebote": 45.17241379310345,
  "conversiones": 80,
  "tasa_conversion": 16.206896551724135,
  "trafico_organico": null
}