{
  "usuarios": 1712,
  "sesiones": 1854,
  "paginas_vistas": 2162,
  "interaccion_media_seg": 50349,
  "rebote": 58.95361380798274,
  "conversiones": 692,
  "tasa_conversion": 17.09816612729234,
  "trafico_organico": null
}