{
  "usuarios": 182,
  "sesiones": 236,
  "paginas_vistas": 373,
  "interaccion_media_seg": 7020,
  "rebote": 57.20338983050848,
  "conversiones": 63,
  "tasa_conversion": 19.491525423728813,
  "trafico_organico": null
}