{
  "usuarios": 915,
  "sesiones": 1114,
  "paginas_vistas": 1554,
  "interaccion_media_seg": 51705,
  "rebote": 55.9245960502693,
  "conversiones": 468,
  "tasa_conversion": 18.043087971274684,
  "trafico_organico": null
}