{
  "usuarios": 3076,
  "sesiones": 3433,
  "paginas_vistas": 3973,
  "interaccion_media_seg": 120791,
  "rebote": 67.34634430527235,
  "conversiones": 862,
  "tasa_conversion": 11.593358578502768,
  "trafico_organico": null
}