{
  "usuarios": 160,
  "sesiones": 191,
  "paginas_vistas": 218,
  "interaccion_media_seg": 1565,
  "rebote": 87.95811518324608,
  "conversiones": 2,
  "tasa_conversion": 1.0471204188481675,
  "trafico_organico": null
}