{
  "usuarios": 1208,
  "sesiones": 1318,
  "paginas_vistas": 1612,
  "interaccion_media_seg": 26108,
  "rebote": 63.20182094081942,
  "conversiones": 346,
  "tasa_conversion": 14.946889226100152,
  "trafico_organico": null
}