{
  "usuarios": 1113,
  "sesiones": 1334,
  "paginas_vistas": 1796,
  "interaccion_media_seg": 61391,
  "rebote": 56.97151424287856,
  "conversiones": 544,
  "tasa_conversion": 17.24137931034483,
  "trafico_organico": null
}