{
  "usuarios": 4162,
  "sesiones": 4635,
  "paginas_vistas": 5220,
  "interaccion_media_seg": 170567,
  "rebote": 63.51672060409924,
  "conversiones": 1321,
  "tasa_conversion": 11.69363538295577,
  "trafico_organico": null
}