{
  "usuarios": 164,
  "sesiones": 225,
  "paginas_vistas": 357,
  "interaccion_media_seg": 8252,
  "rebote": 50.22222222222222,
  "conversiones": 81,
  "tasa_conversion": 21.777777777777775,
  "trafico_organico": null
}