{
  "usuarios": 768,
  "sesiones": 847,
  "paginas_vistas": 1098,
  "interaccion_media_seg": 14551,
  "rebote": 67.29634002361276,
  "conversiones": 140,
  "tasa_conversion": 11.688311688311687,
  "trafico_organico": null
}