{
  "usuarios": 4458,
  "sesiones": 4941,
  "paginas_vistas": 5551,
  "interaccion_media_seg": 187855,
  "rebote": 64.46063549888686,
  "conversiones": 1569,
  "tasa_conversion": 12.446873102610807,
  "trafico_organico": null
}