{
  "usuarios": 1106,
  "sesiones": 1319,
  "paginas_vistas": 1772,
  "interaccion_media_seg": 60935,
  "rebote": 60.424564063684606,
  "conversiones": 540,
  "tasa_conversion": 17.36163760424564,
  "trafico_organico": null
}