{
  "usuarios": 1113,
  "sesiones": 1331,
  "paginas_vistas": 1792,
  "interaccion_media_seg": 61364,
  "rebote": 56.9496619083396,
  "conversiones": 543,
  "tasa_conversion": 17.20510894064613,
  "trafico_organico": null
}