{
  "usuarios": 6034,
  "sesiones": 6641,
  "paginas_vistas": 7051,
  "interaccion_media_seg": 227235,
  "rebote": 62.55082065953923,
  "conversiones": 2256,
  "tasa_conversion": 13.793103448275861,
  "trafico_organico": null
}