{
  "usuarios": 6048,
  "sesiones": 6712,
  "paginas_vistas": 7094,
  "interaccion_media_seg": 231333,
  "rebote": 63.17044100119189,
  "conversiones": 2288,
  "tasa_conversion": 13.974970202622169,
  "trafico_organico": null
}