{
  "usuarios": 3482,
  "sesiones": 3864,
  "paginas_vistas": 4426,
  "interaccion_media_seg": 136435,
  "rebote": 66.69254658385093,
  "conversiones": 940,
  "tasa_conversion": 11.231884057971014,
  "trafico_organico": null
}