{
  "usuarios": 410,
  "sesiones": 472,
  "paginas_vistas": 603,
  "interaccion_media_seg": 12416,
  "rebote": 64.83050847457628,
  "conversiones": 130,
  "tasa_conversion": 17.16101694915254,
  "trafico_organico": null
}