{
  "usuarios": 2604,
  "sesiones": 2889,
  "paginas_vistas": 3416,
  "interaccion_media_seg": 96094,
  "rebote": 68.22429906542055,
  "conversiones": 771,
  "tasa_conversion": 12.08030460366909,
  "trafico_organico": null
}