{
  "usuarios": 2993,
  "sesiones": 3345,
  "paginas_vistas": 3879,
  "interaccion_media_seg": 112016,
  "rebote": 66.81614349775785,
  "conversiones": 845,
  "tasa_conversion": 11.599402092675636,
  "trafico_organico": null
}