{
  "usuarios": 136,
  "sesiones": 194,
  "paginas_vistas": 293,
  "interaccion_media_seg": 7152,
  "rebote": 45.876288659793815,
  "conversiones": 71,
  "tasa_conversion": 21.649484536082475,
  "trafico_organico": null
}