{
  "usuarios": 661,
  "sesiones": 846,
  "paginas_vistas": 1293,
  "interaccion_media_seg": 29501,
  "rebote": 56.38297872340425,
  "conversiones": 234,
  "tasa_conversion": 16.07565011820331,
  "trafico_organico": null
}