{
  "usuarios": 155,
  "sesiones": 189,
  "paginas_vistas": 258,
  "interaccion_media_seg": 2007,
  "rebote": 86.77248677248677,
  "conversiones": 1,
  "tasa_conversion": 0.5291005291005291,
  "trafico_organico": null
}