{
  "usuarios": 1971,
  "sesiones": 2118,
  "paginas_vistas": 2460,
  "interaccion_media_seg": 59838,
  "rebote": 58.54579792256847,
  "conversiones": 878,
  "tasa_conversion": 17.37488196411709,
  "trafico_organico": null
}