{
  "usuarios": 3913,
  "sesiones": 4396,
  "paginas_vistas": 4927,
  "interaccion_media_seg": 154601,
  "rebote": 64.53594176524113,
  "conversiones": 1070,
  "tasa_conversion": 11.169244767970882,
  "trafico_organico": null
}