{
  "usuarios": 1140,
  "sesiones": 1360,
  "paginas_vistas": 1823,
  "interaccion_media_seg": 61573,
  "rebote": 57.647058823529406,
  "conversiones": 549,
  "tasa_conversion": 17.058823529411764,
  "trafico_organico": null
}