{
  "usuarios": 5193,
  "sesiones": 5625,
  "paginas_vistas": 6033,
  "interaccion_media_seg": 183327,
  "rebote": 62.95111111111111,
  "conversiones": 1791,
  "tasa_conversion": 13.102222222222224,
  "trafico_organico": null
}