{
  "usuarios": 5147,
  "sesiones": 5824,
  "paginas_vistas": 6263,
  "interaccion_media_seg": 219941,
  "rebote": 63.37568681318682,
  "conversiones": 1990,
  "tasa_conversion": 13.203983516483516,
  "trafico_organico": null
}