{
  "usuarios": 5548,
  "sesiones": 6204,
  "paginas_vistas": 6561,
  "interaccion_media_seg": 224070,
  "rebote": 62.894906511927786,
  "conversiones": 2192,
  "tasa_conversion": 13.845905867182463,
  "trafico_organico": null
}