{
  "usuarios": 4456,
  "sesiones": 4938,
  "paginas_vistas": 5549,
  "interaccion_media_seg": 187841,
  "rebote": 64.45929526123936,
  "conversiones": 1562,
  "tasa_conversion": 12.434183880113405,
  "trafico_organico": null
}