{
  "usuarios": 1364,
  "sesiones": 1599,
  "paginas_vistas": 2069,
  "interaccion_media_seg": 72091,
  "rebote": 59.91244527829893,
  "conversiones": 597,
  "tasa_conversion": 15.634771732332709,
  "trafico_organico": null
}