{
  "usuarios": 1109,
  "sesiones": 1213,
  "paginas_vistas": 1500,
  "interaccion_media_seg": 19062,
  "rebote": 65.21022258862324,
  "conversiones": 234,
  "tasa_conversion": 13.520197856553997,
  "trafico_organico": null
}