{
  "usuarios": 182,
  "sesiones": 223,
  "paginas_vistas": 358,
  "interaccion_media_seg": 2580,
  "rebote": 84.30493273542601,
  "conversiones": 1,
  "tasa_conversion": 0.4484304932735426,
  "trafico_organico": null
}