{
  "usuarios": 197,
  "sesiones": 264,
  "paginas_vistas": 400,
  "interaccion_media_seg": 8520,
  "rebote": 52.65151515151515,
  "conversiones": 87,
  "tasa_conversion": 20.833333333333336,
  "trafico_organico": null
}