{
  "usuarios": 6042,
  "sesiones": 6693,
  "paginas_vistas": 7073,
  "interaccion_media_seg": 230843,
  "rebote": 63.08083071866128,
  "conversiones": 2286,
  "tasa_conversion": 14.014642163454354,
  "trafico_organico": null
}