{
  "usuarios": 175,
  "sesiones": 262,
  "paginas_vistas": 433,
  "interaccion_media_seg": 10276,
  "rebote": 41.98473282442748,
  "conversiones": 83,
  "tasa_conversion": 18.3206106870229,
  "trafico_organico": null
}