{
  "usuarios": 4416,
  "sesiones": 4905,
  "paginas_vistas": 5480,
  "interaccion_media_seg": 185417,
  "rebote": 64.46483180428135,
  "conversiones": 1462,
  "tasa_conversion": 12.334352701325178,
  "trafico_organico": null
}