{
  "usuarios": 1161,
  "sesiones": 1392,
  "paginas_vistas": 1858,
  "interaccion_media_seg": 61854,
  "rebote": 55.24425287356321,
  "conversiones": 556,
  "tasa_conversion": 16.738505747126435,
  "trafico_organico": null
}