{
  "usuarios": 6050,
  "sesiones": 6717,
  "paginas_vistas": 7098,
  "interaccion_media_seg": 231345,
  "rebote": 63.15319338990621,
  "conversiones": 2292,
  "tasa_conversion": 13.994342712520472,
  "trafico_organico": null
}