{
  "usuarios": 166,
  "sesiones": 228,
  "paginas_vistas": 359,
  "interaccion_media_seg": 8265,
  "rebote": 50.877192982456144,
  "conversiones": 81,
  "tasa_conversion": 21.49122807017544,
  "trafico_organico": null
}