{
  "usuarios": 158,
  "sesiones": 189,
  "paginas_vistas": 234,
  "interaccion_media_seg": 1798,
  "rebote": 88.88888888888889,
  "conversiones": 2,
  "tasa_conversion": 1.0582010582010581,
  "trafico_organico": null
}