{
  "usuarios": 3480,
  "sesiones": 3859,
  "paginas_vistas": 4422,
  "interaccion_media_seg": 136411,
  "rebote": 66.6753044830267,
  "conversiones": 939,
  "tasa_conversion": 11.220523451671417,
  "trafico_organico": null
}