{
  "usuarios": 5245,
  "sesiones": 5878,
  "paginas_vistas": 6278,
  "interaccion_media_seg": 222211,
  "rebote": 61.56856073494386,
  "conversiones": 2112,
  "tasa_conversion": 13.695134399455597,
  "trafico_organico": null
}