{
  "usuarios": 4978,
  "sesiones": 5621,
  "paginas_vistas": 6104,
  "interaccion_media_seg": 209187,
  "rebote": 62.85358477139299,
  "conversiones": 1833,
  "tasa_conversion": 12.809108699519658,
  "trafico_organico": null
}