{
  "usuarios": 1645,
  "sesiones": 1891,
  "paginas_vistas": 2347,
  "interaccion_media_seg": 75961,
  "rebote": 61.87202538339503,
  "conversiones": 623,
  "tasa_conversion": 14.278159703860391,
  "trafico_organico": null
}