{
  "usuarios": 166,
  "sesiones": 247,
  "paginas_vistas": 500,
  "interaccion_media_seg": 11260,
  "rebote": 55.87044534412956,
  "conversiones": 40,
  "tasa_conversion": 10.526315789473683,
  "trafico_organico": null
}