{
  "usuarios": 1026,
  "sesiones": 1239,
  "paginas_vistas": 1695,
  "interaccion_media_seg": 56678,
  "rebote": 58.999192897497984,
  "conversiones": 502,
  "tasa_conversion": 17.35270379338176,
  "trafico_organico": null
}