{
  "usuarios": 4679,
  "sesiones": 5223,
  "paginas_vistas": 5784,
  "interaccion_media_seg": 195819,
  "rebote": 64.08194524219797,
  "conversiones": 1647,
  "tasa_conversion": 12.483247175952519,
  "trafico_organico": null
}