{
  "usuarios": 2545,
  "sesiones": 2819,
  "paginas_vistas": 3334,
  "interaccion_media_seg": 95690,
  "rebote": 67.75452288045406,
  "conversiones": 752,
  "tasa_conversion": 12.167435260730755,
  "trafico_organico": null
}