{
  "usuarios": 5542,
  "sesiones": 6198,
  "paginas_vistas": 6549,
  "interaccion_media_seg": 224018,
  "rebote": 62.87512100677638,
  "conversiones": 2190,
  "tasa_conversion": 13.859309454662794,
  "trafico_organico": null
}