{
  "usuarios": 159,
  "sesiones": 190,
  "paginas_vistas": 217,
  "interaccion_media_seg": 1570,
  "rebote": 88.42105263157895,
  "conversiones": 2,
  "tasa_conversion": 1.0526315789473684,
  "trafico_organico": null
}