{
  "usuarios": 4753,
  "sesiones": 5317,
  "paginas_vistas": 5866,
  "interaccion_media_seg": 198127,
  "rebote": 63.26876057927403,
  "conversiones": 1677,
  "tasa_conversion": 12.450630054542035,
  "trafico_organico": null
}