{
  "usuarios": 1146,
  "sesiones": 1367,
  "paginas_vistas": 1830,
  "interaccion_media_seg": 61586,
  "rebote": 57.86393562545721,
  "conversiones": 549,
  "tasa_conversion": 16.971470373079736,
  "trafico_organico": null
}