{
  "usuarios": 4382,
  "sesiones": 4867,
  "paginas_vistas": 5447,
  "interaccion_media_seg": 182940,
  "rebote": 64.37230326689952,
  "conversiones": 1442,
  "tasa_conversion": 12.163550441750564,
  "trafico_organico": null
}