{
  "usuarios": 1213,
  "sesiones": 1322,
  "paginas_vistas": 1617,
  "interaccion_media_seg": 26108,
  "rebote": 63.31316187594553,
  "conversiones": 346,
  "tasa_conversion": 14.901664145234495,
  "trafico_organico": null
}