{
  "usuarios": 3484,
  "sesiones": 3864,
  "paginas_vistas": 4429,
  "interaccion_media_seg": 136590,
  "rebote": 66.6407867494824,
  "conversiones": 941,
  "tasa_conversion": 11.25776397515528,
  "trafico_organico": null
}