{
  "usuarios": 2622,
  "sesiones": 2904,
  "paginas_vistas": 3446,
  "interaccion_media_seg": 97023,
  "rebote": 68.25068870523417,
  "conversiones": 776,
  "tasa_conversion": 12.086776859504132,
  "trafico_organico": null
}