{
  "usuarios": 2708,
  "sesiones": 3002,
  "paginas_vistas": 3549,
  "interaccion_media_seg": 100251,
  "rebote": 69.05396402398402,
  "conversiones": 789,
  "tasa_conversion": 11.925383077948034,
  "trafico_organico": null
}