{
  "usuarios": 6052,
  "sesiones": 6684,
  "paginas_vistas": 7138,
  "interaccion_media_seg": 229701,
  "rebote": 62.41771394374626,
  "conversiones": 2261,
  "tasa_conversion": 13.749251944943147,
  "trafico_organico": null
}