{
  "usuarios": 183,
  "sesiones": 257,
  "paginas_vistas": 365,
  "interaccion_media_seg": 8232,
  "rebote": 47.081712062256805,
  "conversiones": 89,
  "tasa_conversion": 20.622568093385212,
  "trafico_organico": null
}