{
  "usuarios": 184,
  "sesiones": 225,
  "paginas_vistas": 365,
  "interaccion_media_seg": 2645,
  "rebote": 84.44444444444444,
  "conversiones": 1,
  "tasa_conversion": 0.4444444444444444,
  "trafico_organico": null
}