{
  "usuarios": 5853,
  "sesiones": 6506,
  "paginas_vistas": 6888,
  "interaccion_media_seg": 230219,
  "rebote": 62.11189671072855,
  "conversiones": 2249,
  "tasa_conversion": 13.940977559176146,
  "trafico_organico": null
}