{
  "usuarios": 1014,
  "sesiones": 1223,
  "paginas_vistas": 1679,
  "interaccion_media_seg": 56393,
  "rebote": 58.626328699918226,
  "conversiones": 494,
  "tasa_conversion": 17.33442354865086,
  "trafico_organico": null
}