{
  "usuarios": 305,
  "sesiones": 364,
  "paginas_vistas": 491,
  "interaccion_media_seg": 8559,
  "rebote": 69.78021978021978,
  "conversiones": 72,
  "tasa_conversion": 14.285714285714285,
  "trafico_organico": null
}