{
  "usuarios": 147,
  "sesiones": 179,
  "paginas_vistas": 207,
  "interaccion_media_seg": 2410,
  "rebote": 85.47486033519553,
  "conversiones": 2,
  "tasa_conversion": 1.1173184357541899,
  "trafico_organico": null
}