{
  "usuarios": 6046,
  "sesiones": 6655,
  "paginas_vistas": 7068,
  "interaccion_media_seg": 227565,
  "rebote": 62.46431254695718,
  "conversiones": 2257,
  "tasa_conversion": 13.779113448534936,
  "trafico_organico": null
}