{
  "usuarios": 783,
  "sesiones": 979,
  "paginas_vistas": 1425,
  "interaccion_media_seg": 45580,
  "rebote": 55.0561797752809,
  "conversiones": 398,
  "tasa_conversion": 18.283963227783453,
  "trafico_organico": null
}