{
  "usuarios": 181,
  "sesiones": 222,
  "paginas_vistas": 354,
  "interaccion_media_seg": 2576,
  "rebote": 84.23423423423422,
  "conversiones": 1,
  "tasa_conversion": 0.45045045045045046,
  "trafico_organico": null
}