{
  "usuarios": 1001,
  "sesiones": 1207,
  "paginas_vistas": 1660,
  "interaccion_media_seg": 55754,
  "rebote": 58.409279204639596,
  "conversiones": 493,
  "tasa_conversion": 17.48135874067937,
  "trafico_organico": null
}