{
  "usuarios": 182,
  "sesiones": 277,
  "paginas_vistas": 551,
  "interaccion_media_seg": 13848,
  "rebote": 43.682310469314075,
  "conversiones": 77,
  "tasa_conversion": 15.884476534296029,
  "trafico_organico": null
}