{
  "usuarios": 3752,
  "sesiones": 4197,
  "paginas_vistas": 4713,
  "interaccion_media_seg": 146504,
  "rebote": 65.76125804145818,
  "conversiones": 1019,
  "tasa_conversion": 11.126995472956875,
  "trafico_organico": null
}