{
  "usuarios": 3445,
  "sesiones": 3823,
  "paginas_vistas": 4385,
  "interaccion_media_seg": 134013,
  "rebote": 66.41381114308135,
  "conversiones": 934,
  "tasa_conversion": 11.300026157467958,
  "trafico_organico": null
}